activity,p_p_sat,phi_solvent,phi_polymer,swelling_ratio_Q,volume_expansion_pct,thickness_nm,delta_thickness_nm
0.001,0.001,0.3,0.7,1.4285714285714286,42.85714285714286,142.85714285714286,42.85714285714286
0.001090740700614657,0.001090740700614657,0.3,0.7,1.4285714285714286,42.85714285714286,142.85714285714286,42.85714285714286
0.0011897152759773526,0.0011897152759773526,0.3,0.7,1.4285714285714286,42.85714285714286,142.85714285714286,42.85714285714286
0.001297670873651496,0.001297670873651496,0.3,0.7,1.4285714285714286,42.85714285714286,142.85714285714286,42.85714285714286
0.0014154224378938667,0.0014154224378938667,0.3,0.7,1.4285714285714286,42.85714285714286,142.85714285714286,42.85714285714286
0.0015438588615740618,0.0015438588615740618,0.3,0.7,1.4285714285714286,42.85714285714286,142.85714285714286,42.85714285714286
0.001683949696323437,0.001683949696323437,0.3,0.7,1.4285714285714286,42.85714285714286,142.85714285714286,42.85714285714286
0.0018367524715676643,0.0018367524715676643,0.3,0.7,1.4285714285714286,42.85714285714286,142.85714285714286,42.85714285714286
0.0020034206776934167,0.0020034206776934167,0.3,0.7,1.4285714285714286,42.85714285714286,142.85714285714286,42.85714285714286
0.0021852124736132083,0.0021852124736132083,0.3,0.7,1.4285714285714286,42.85714285714286,142.85714285714286,42.85714285714286
0.002383500184460758,0.002383500184460758,0.3,0.7,1.4285714285714286,42.85714285714286,142.85714285714286,42.85714285714286
0.0025997806611138888,0.0025997806611138888,0.3,0.7,1.4285714285714286,42.85714285714286,142.85714285714286,42.85714285714286
0.002835686579747799,0.002835686579747799,0.3,0.7,1.4285714285714286,42.85714285714286,142.85714285714286,42.85714285714286
0.003092998766717694,0.003092998766717694,0.3,0.7,1.4285714285714286,42.85714285714286,142.85714285714286,42.85714285714286
0.003373659641809924,0.003373659641809924,0.3,0.7,1.4285714285714286,42.85714285714286,142.85714285714286,42.85714285714286
0.0036797878813431485,0.0036797878813431485,0.3,0.7,1.4285714285714286,42.85714285714286,142.85714285714286,42.85714285714286
0.00401369441180955,0.00401369441180955,0.3,0.7,1.4285714285714286,42.85714285714286,142.85714285714286,42.85714285714286
0.004377899854790281,0.004377899854790281,0.3,0.7,1.4285714285714286,42.85714285714286,142.85714285714286,42.85714285714286
0.004775153554834756,0.004775153554834756,0.3,0.7,1.4285714285714286,42.85714285714286,142.85714285714286,42.85714285714286
0.005208454333943026,0.005208454333943026,0.3,0.7,1.4285714285714286,42.85714285714286,142.85714285714286,42.85714285714286
0.005681073129324463,0.005681073129324463,0.3,0.7,1.4285714285714286,42.85714285714286,142.85714285714286,42.85714285714286
0.006196577685322465,0.006196577685322465,0.3,0.7,1.4285714285714286,42.85714285714286,142.85714285714286,42.85714285714286
0.0067588594859017675,0.0067588594859017675,0.3,0.7,1.4285714285714286,42.85714285714286,142.85714285714286,42.85714285714286
0.007372163131008514,0.007372163131008514,0.3,0.7,1.4285714285714286,42.85714285714286,142.85714285714286,42.85714285714286
0.008041118378561769,0.008041118378561769,0.3,0.7,1.4285714285714286,42.85714285714286,142.85714285714286,42.85714285714286
0.008770775093957857,0.008770775093957857,0.3,0.7,1.4285714285714286,42.85714285714286,142.85714285714286,42.85714285714286
0.009566641370917176,0.009566641370917176,0.3,0.7,1.4285714285714286,42.85714285714286,142.85714285714286,42.85714285714286
0.010434725111443352,0.010434725111443352,0.3,0.7,1.4285714285714286,42.85714285714286,142.85714285714286,42.85714285714286
0.011381579378777075,0.011381579378777075,0.3,0.7,1.4285714285714286,42.85714285714286,142.85714285714286,42.85714285714286
0.012414351865708637,0.012414351865708637,0.3,0.7,1.4285714285714286,42.85714285714286,142.85714285714286,42.85714285714286
0.013540838851679905,0.013540838851679905,0.3,0.7,1.4285714285714286,42.85714285714286,142.85714285714286,42.85714285714286
0.014769544055991499,0.014769544055991499,0.3,0.7,1.4285714285714286,42.85714285714286,142.85714285714286,42.85714285714286
0.01610974283139121,0.01610974283139121,0.3,0.7,1.4285714285714286,42.85714285714286,142.85714285714286,42.85714285714286
0.017571552182633593,0.017571552182633593,0.3,0.7,1.4285714285714286,42.85714285714286,142.85714285714286,42.85714285714286
0.01916600713857276,0.01916600713857276,0.3,0.7,1.4285714285714286,42.85714285714286,142.85714285714286,42.85714285714286
0.020905144054312354,0.020905144054312354,0.3,0.7,1.4285714285714286,42.85714285714286,142.85714285714286,42.85714285714286
0.02280209147225099,0.02280209147225099,0.3,0.7,1.4285714285714286,42.85714285714286,142.85714285714286,42.85714285714286
0.024871169227922534,0.024871169227922534,0.3,0.7,1.4285714285714286,42.85714285714286,142.85714285714286,42.85714285714286
0.027127996548769906,0.027127996548769906,0.3,0.7,1.4285714285714286,42.85714285714286,142.85714285714286,42.85714285714286
0.029589609961877265,0.029589609961877265,0.3,0.7,1.4285714285714286,42.85714285714286,142.85714285714286,42.85714285714286
0.03227459190073244,0.03227459190073244,0.3,0.7,1.4285714285714286,42.85714285714286,142.85714285714286,42.85714285714286
0.03520321098185703,0.03520321098185703,0.3,0.7,1.4285714285714286,42.85714285714286,142.85714285714286,42.85714285714286
0.0383975750102363,0.0383975750102363,0.3,0.7,1.4285714285714286,42.85714285714286,142.85714285714286,42.85714285714286
0.041881797868568965,0.041881797868568965,0.3,0.7,1.4285714285714286,42.85714285714286,142.85714285714286,42.85714285714286
0.045682181550164354,0.045682181550164354,0.3,0.7,1.4285714285714286,42.85714285714286,142.85714285714286,42.85714285714286
0.04982741470963222,0.04982741470963222,0.3,0.7,1.4285714285714286,42.85714285714286,142.85714285714286,42.85714285714286
0.054348789230201276,0.054348789230201276,0.3,0.7,1.4285714285714286,42.85714285714286,142.85714285714286,42.85714285714286
0.05928043644250803,0.05928043644250803,0.3,0.7,1.4285714285714286,42.85714285714286,142.85714285714286,42.85714285714286
0.06465958477804384,0.06465958477804384,0.3,0.7,1.4285714285714286,42.85714285714286,142.85714285714286,42.85714285714286
0.07052684080225635,0.07052684080225635,0.3,0.7,1.4285714285714286,42.85714285714286,142.85714285714286,42.85714285714286
0.07692649574879142,0.07692649574879142,0.3,0.7,1.4285714285714286,42.85714285714286,142.85714285714286,42.85714285714286
0.08390685986886713,0.08390685986886713,0.3,0.7,1.4285714285714286,42.85714285714286,142.85714285714286,42.85714285714286
0.09152062711974397,0.09152062711974397,0.3,0.7,1.4285714285714286,42.85714285714286,142.85714285714286,42.85714285714286
0.09982527294528232,0.09982527294528232,0.3,0.7,1.4285714285714286,42.85714285714286,142.85714285714286,42.85714285714286
0.10888348815138647,0.10888348815138647,0.3,0.7,1.4285714285714286,42.85714285714286,142.85714285714286,42.85714285714286
0.11876365215161097,0.11876365215161097,0.3,0.7,1.4285714285714286,42.85714285714286,142.85714285714286,42.85714285714286
0.12954034915540355,0.12954034915540355,0.3,0.7,1.4285714285714286,42.85714285714286,142.85714285714286,42.85714285714286
0.14129493119563213,0.14129493119563213,0.3,0.7,1.4285714285714286,42.85714285714286,142.85714285714286,42.85714285714286
0.15411613224562354,0.15411613224562354,0.3,0.7,1.4285714285714286,42.85714285714286,142.85714285714286,42.85714285714286
0.16810073806161235,0.16810073806161235,0.3,0.7,1.4285714285714286,42.85714285714286,142.85714285714286,42.85714285714286
0.183354316807164,0.183354316807164,0.3,0.7,1.4285714285714286,42.85714285714286,142.85714285714286,42.85714285714286
0.1999920159749678,0.1999920159749678,0.3,0.7,1.4285714285714286,42.85714285714286,142.85714285714286,42.85714285714286
0.21813943162187382,0.21813943162187382,0.3,0.7,1.4285714285714286,42.85714285714286,142.85714285714286,42.85714285714286
0.23793355647892567,0.23793355647892567,0.3,0.7,1.4285714285714286,42.85714285714286,142.85714285714286,42.85714285714286
0.2595238140935604,0.2595238140935604,0.3,0.7,1.4285714285714286,42.85714285714286,142.85714285714286,42.85714285714286
0.28307318681059807,0.28307318681059807,0.3,0.7,1.4285714285714286,42.85714285714286,142.85714285714286,42.85714285714286
0.3087594461070154,0.3087594461070154,0.3,0.7,1.4285714285714286,42.85714285714286,142.85714285714286,42.85714285714286
0.336776494568159,0.336776494568159,0.3,0.7,1.4285714285714286,42.85714285714286,142.85714285714286,42.85714285714286
0.36733582963582195,0.36733582963582195,0.3,0.7,1.4285714285714286,42.85714285714286,142.85714285714286,42.85714285714286
0.40066814017784264,0.40066814017784264,0.3,0.7,1.4285714285714286,42.85714285714286,142.85714285714286,42.85714285714286
0.4370250479315512,0.4370250479315512,0.1388388537398254,0.8611611462601746,1.1612228493386758,16.122284933867583,116.12228493386758,16.122284933867576
0.47668100696701415,0.47668100696701415,0.15573606236368995,0.84426393763631,1.1844637149843271,18.44637149843271,118.44637149843271,18.44637149843271
0.5199353755089011,0.5199353755089011,0.17546121489794764,0.8245387851020524,1.212799225540653,21.2799225540653,121.2799225540653,21.279922554065294
0.5671146757569235,0.5671146757569235,0.1987772917760032,0.8012227082239968,1.2480924338959591,24.809243389595913,124.80924338959592,24.80924338959592
0.6185750587639608,0.6185750587639608,0.22679369065257232,0.7732063093474277,1.2933158820754864,29.33158820754864,129.33158820754863,29.331588207548634
0.6747049929789545,0.6747049929789545,0.26122051640054816,0.7387794835994519,1.3535838801692759,35.35838801692759,135.3583880169276,35.35838801692759
0.7359281967500719,0.7359281967500719,0.30491751690944136,0.6950824830905586,1.4386781775217248,43.86781775217248,143.86781775217247,43.86781775217247
0.8027068369252545,0.8027068369252545,0.3632894406066088,0.6367105593933913,1.5705723507282852,57.05723507282852,157.05723507282852,57.05723507282852
0.8755450176960263,0.8755450176960263,0.44892192049544144,0.5510780795045586,1.8146248910844727,81.46248910844727,181.46248910844727,81.46248910844727
0.954992586021436,0.954992586021436,0.6090766353790181,0.3909233646209819,2.55804613001207,155.804613001207,255.804613001207,155.804613001207
