residual,phi1,phi3,phi2
0.0,0.984002502235196,0.014345182250606771,0.0016523155141971984
0.0,0.9831693079149292,0.014389241267937876,0.002441450817132944
0.0,0.9823361135946622,0.014416184068001584,0.003247702337336197
0.0,0.9815029192743954,0.014436529480827258,0.004060551244777373
0.0,0.9806697249541285,0.014453649442148974,0.004876625603722507
0.0,0.9798365306338616,0.014468957538537403,0.005694511827601039
0.0,0.9790033363135947,0.014483150482788955,0.006513513203616338
0.0,0.9781701419933279,0.014496611432799832,0.007333246573872311
0.0,0.9773369476730609,0.014509568557950178,0.008153483768988926
0.0,0.976503753352794,0.014522166218503671,0.008974080428702283
0.0,0.9756705590325272,0.014534500217545718,0.009794940749927086
0.0,0.9748373647122602,0.014546636640367682,0.010615998647372083
0.0,0.9740041703919934,0.014558622554239033,0.011437207053767582
0.0,0.9731709760717264,0.014570492395837908,0.012258531532435668
0.0,0.9723377817514596,0.014582271946386486,0.013079946302153941
0.0,0.9715045874311927,0.014593980894425053,0.013901431674382224
0.0,0.9706713931109258,0.014605634538940405,0.014722972350133832
0.0,0.9698381987906589,0.014617244951451893,0.015544556257889195
0.0,0.9690050044703921,0.014628821787494254,0.016366173742113684
0.0,0.9681718101501251,0.01464037286499606,0.01718781698487884
0.0,0.9673386158298583,0.014651904584105748,0.018009479586036
0.0,0.9665054215095914,0.014663422236958112,0.018831156253450488
0.0,0.9656722271893244,0.014674930239633637,0.019652842571041926
0.0,0.9648390328690576,0.01468643230819533,0.02047453482274708
0.0,0.9640058385487907,0.014697931593924829,0.02129622985728443
0.0,0.9631726442285238,0.014709430788380095,0.02211792498309613
0.0,0.9623394499082569,0.014720932205849758,0.022939617885893313
0.0,0.9615062555879901,0.014732437848681515,0.023761306563328408
0.0,0.9606730612677231,0.014743949459495639,0.024582989272781245
0.0,0.9598398669474563,0.01475546856325585,0.02540466448928788
0.0,0.9590066726271894,0.014766996501424153,0.02622633087138643
0.0,0.9581734783069225,0.014778534459884477,0.027047987233193068
0.0,0.9573402839866556,0.014790083491922365,0.02786963252142203
0.0,0.9565070896663886,0.014801644537252676,0.02869126579635868
0.0,0.9556738953461218,0.014813218437866087,0.02951288621601212
0.0,0.9548407010258549,0.014824805951298224,0.030334493022846833
0.0,0.954007506705588,0.014836407761797494,0.031156085532614522
0.0,0.9531743123853211,0.014848024489769884,0.03197766312490898
0.0,0.9523411180650543,0.01485965669980323,0.03279922523514249
0.0,0.9515079237447873,0.014871304907513962,0.03362077134769872
0.0,0.9506747294245205,0.014882969585413281,0.034442300990066246
0.0,0.9498415351042536,0.014894651167952718,0.035263813727793664
0.0,0.9490083407839867,0.014906350055879975,0.03608530916013337
0.0,0.9481751464637198,0.0149180666200127,0.03690678691626749
0.0,0.947341952143453,0.014929801204518792,0.03772824665202825
0.0,0.946508757823186,0.014941554129777148,0.03854968804703685
0.0,0.9456755635029191,0.014953325694879989,0.03937111080220086
0.0,0.9448423691826523,0.014965116179828207,0.040192514637519494
0.0,0.9440091748623853,0.014976925847462725,0.04101389929015194
0.0,0.9431759805421185,0.014988754945168265,0.04183526451271325
0.0,0.9425573501393332,0.014997507764804003,0.04244514209586282
0.0,0.9423427862218516,0.015000838176549684,0.042656375601598684
0.0,0.9415095919015847,0.015013618268567236,0.04347678982984809
0.0,0.9406763975813178,0.015026439132939386,0.04429716328574279
0.0,0.9398432032610509,0.015039299996893175,0.045117496742055965
0.0,0.939010008940784,0.01505220014829184,0.04593779091092415
0.0,0.9381768146205172,0.015065138930331434,0.0467580464491514
0.0,0.9373436203002502,0.015078115736786385,0.04757826396296341
0.0,0.9365104259799834,0.015091130007738924,0.048398444012277726
0.0,0.9356772316597165,0.015104181225735876,0.04921858711454762
0.0,0.9348440373394495,0.015117268912323737,0.050038693748226726
0.0,0.9340108430191827,0.015130392624919308,0.050858764355898
0.0,0.9331776486989158,0.015143551953978642,0.051678799347105515
0.0,0.9323444543786489,0.015156746520431535,0.052498799100919584
0.0,0.931511260058382,0.015169975973353102,0.05331876396826487
0.0,0.9306780657381152,0.015183239987847168,0.054138694274037655
0.0,0.9298448714178482,0.01519653826311938,0.0549585903190324
0.0,0.9290116770975814,0.01520987052072051,0.055778452381698124
0.0,0.9281784827773145,0.015223236502942668,0.056598280719742815
0.0,0.9273452884570476,0.015236635971353062,0.05741807557159938
0.0,0.9265120941367807,0.015250068705451906,0.05823783715776739
0.0,0.9256788998165139,0.015263534501442194,0.05905756568204395
0.0,0.9248457054962469,0.01527703317110078,0.05987726133265232
0.0,0.92401251117598,0.015290564540741057,0.0606969242832789
0.0,0.9231793168557131,0.015304128450258785,0.06151655469402813
0.0,0.9223461225354462,0.01531772475225329,0.062336152712300474
0.0,0.9215129282151794,0.015331353311217325,0.0631557184736033
0.0,0.9206797338949124,0.015345014002789257,0.06397525210229832
0.0,0.9198465395746456,0.015358706713062257,0.06479475371229217
0.0,0.9190133452543787,0.015372431337945294,0.06561422340767599
0.0,0.9181801509341118,0.015386187782571614,0.06643366128331663
0.0,0.9173469566138449,0.015399975960750562,0.06725306742540453
0.0,0.9165137622935781,0.015413795794459161,0.06807244191196278
0.0,0.9156805679733111,0.015427647213370036,0.06889178481331887
0.0,0.9148473736530442,0.015441530154412806,0.06971109619254294
0.0,0.9140141793327774,0.015455444561366098,0.0705303761058565
0.0,0.9131809850125104,0.015469390384477843,0.07134962460301172
0.0,0.9123477906922436,0.015483367580111481,0.07216884172764493
0.0,0.9115145963719767,0.015497376110416157,0.07298802751760711
0.0,0.9106814020517098,0.015511415943018938,0.07380718200527128
0.0,0.9098482077314429,0.015525487050737403,0.07462630521781967
0.0,0.909015013411176,0.015539589411311103,0.07544539717751293
0.0,0.9081818190909091,0.015553723007150346,0.07626445790194054
0.0,0.9073486247706423,0.01556788782510116,0.07708348740425658
0.0,0.9065154304503753,0.01558208385622513,0.07790248569339957
0.0,0.9056822361301085,0.015596311095593094,0.07872145277429846
0.0,0.9048490418098416,0.015610569542091664,0.07954038864806673
0.0,0.9040158474895746,0.015624859198241667,0.0803592933121837
0.0,0.9031826531693078,0.015639180070027653,0.08117816676066456
0.0,0.9023494588490409,0.015653532166737705,0.08199700898422135
0.0,0.901516264528774,0.01566791550081287,0.08281581997041315
0.0,0.9006830702085071,0.015682330087705466,0.08363459970378741
0.0,0.8998498758882403,0.015696775945745724,0.08445334816601399
0.0,0.8990166815679733,0.015711253096016245,0.08527206533601044
0.0,0.8981834872477065,0.015725761562233622,0.0860907511900599
0.0,0.8973502929274396,0.01574030137063688,0.0869094057019235
0.0,0.8965170986071727,0.015754872549882247,0.08772802884294509
0.0,0.8956839042869058,0.015769475130943796,0.0885466205821504
0.0,0.894850709966639,0.015784109147019658,0.08936518088634138
0.0,0.894017515646372,0.015798774633443424,0.09018370972018458
0.0,0.8931843213261051,0.01581347162760036,0.0910022070462945
0.0,0.8923511270058382,0.015828200168848235,0.09182067282531359
0.0,0.8922088262043228,0.015830702085070893,0.09196047171060626
0.0,0.8915179326855713,0.015844092313793683,0.09263797500063498
0.0,0.8906847383653045,0.015860255337217324,0.09345500629747819
0.0,0.8898515440450375,0.015876458608926614,0.09427199734603586
0.0,0.8890183497247707,0.015892702053863665,0.09508894822136565
0.0,0.8881851554045038,0.015908985603136246,0.09590585899235993
0.0,0.8873519610842369,0.01592530919377059,0.09672272972199256
0.0,0.88651876676397,0.01594167276847664,0.09753956046755335
0.0,0.8856855724437032,0.015958076275425195,0.09835635128087164
0.0,0.8848523781234362,0.015974519668036057,0.09917310220852774
0.0,0.8840191838031694,0.015991002904776726,0.09998981329205392
0.0,0.8831859894829025,0.016007525948970938,0.10080648456812656
0.0,0.8823527951626355,0.016024088768616548,0.10162311606874791
0.0,0.8815196008423687,0.016040691336212186,0.10243970782141912
0.0,0.8806864065221018,0.016057333628592272,0.10325625984930589
0.0,0.8798532122018349,0.016074015626769838,0.10407277217139528
0.0,0.879020017881568,0.0160907373157868,0.10488924480264517
0.0,0.8781868235613012,0.01610749868457129,0.10570567775412754
0.0,0.8773536292410342,0.016124299725801552,0.10652207103316423
0.0,0.8765204349207674,0.016141140435776215,0.10733842464345641
0.0,0.8756872406005004,0.01615802081429051,0.10815473858520909
0.0,0.8748540462802336,0.016174940864518084,0.10897101285524836
0.0,0.8740208519599667,0.016191900592898233,0.10978724744713506
0.0,0.8731876576396997,0.016208900009028186,0.11060344235127206
0.0,0.8723544633194329,0.01622593912556019,0.11141959755500691
0.0,0.871521268999166,0.01624301795810318,0.11223571304273078
0.0,0.8706880746788991,0.016260136525128824,0.1130517887959721
0.0,0.8698548803586322,0.016277294847881613,0.11386782479348616
0.0,0.8690216860383654,0.016294492950292942,0.11468382101134167
0.0,0.8681884917180984,0.016311730858898883,0.1154997774230027
0.0,0.8673552973978316,0.01632900860276148,0.11631569399940694
0.0,0.8665221030775647,0.016346326213393457,0.11713157070904182
0.0,0.8656889087572978,0.016363683724686093,0.11794740751801615
0.0,0.8648557144370309,0.01638108117284015,0.11876320439012894
0.0,0.8640225201167641,0.016398518596299753,0.11957896128693618
0.0,0.8631893257964971,0.016415996035688954,0.12039467816781395
0.0,0.8623561314762302,0.016433513533751,0.12121035499001875
0.0,0.8615229371559634,0.016451071135290117,0.12202599170874648
0.0,0.8606897428356964,0.016468668887115626,0.12284158827718794
0.0,0.8598565485154296,0.016486306837988404,0.123657144646582
0.0,0.8590233541951626,0.016503985038569535,0.12447266076626784
0.0,0.8581901598748958,0.01652170354137098,0.12528813658373325
0.0,0.8573569655546289,0.01653946240070828,0.1261035720446628
0.0,0.856523771234362,0.0165572616726552,0.12691896709298284
0.0,0.8556905769140951,0.016575101415000064,0.12773432167090482
0.0,0.8548573825938283,0.016592981687203932,0.1285496357189678
0.0,0.8540241882735613,0.01661090255036046,0.12936490917607824
0.0,0.8531909939532945,0.01662886406715716,0.13018014197954839
0.0,0.8523577996330276,0.01664686630183842,0.13099533406513397
0.0,0.8515710975153357,0.01666389640533778,0.13176500607932656
0.0,0.8515246053127606,0.0166650030261441,0.13181039166109526
0.0,0.8506914109924938,0.016684761834165805,0.1326238271733404
0.0,0.8498582166722269,0.016704569056493243,0.1334372142712798
0.0,0.84902502235196,0.01672442471659334,0.1342505529314467
0.0,0.8481918280316931,0.016744328840801858,0.13506384312750502
0.0,0.8473586337114263,0.0167642814582514,0.13587708483032232
0.0,0.8465254393911593,0.016784282600801965,0.1366902780080387
0.0,0.8456922450708925,0.016804332302974106,0.13750342262613344
0.0,0.8448590507506255,0.01682443060188457,0.13831651864748992
0.0,0.8440258564303587,0.016844577537184224,0.13912956603245713
0.0,0.8431926621100918,0.016864773150998234,0.13994256473890995
0.0,0.8423594677898248,0.01688501748786846,0.14075551472230668
0.0,0.841526273469558,0.01690531059469784,0.14156841593574415
0.0,0.8406930791492911,0.016925652520696857,0.142381268330012
0.0,0.8398598848290242,0.016946043317331825,0.143194071853644
0.0,0.8390266905087573,0.01696648303827507,0.14400682645296758
0.0,0.8381934961884905,0.016986971739356878,0.14481953207215265
0.0,0.8373603018682235,0.017007509478519093,0.1456321886532574
0.0,0.8365271075479567,0.01702809631577039,0.14644479613627293
0.0,0.8356939132276898,0.01704873231314307,0.1472573544591671
0.0,0.8348607189074229,0.017069417534651438,0.1480698635579257
0.0,0.834027524587156,0.017090152046251517,0.14888232336659246
0.0,0.8331943302668892,0.017110935915802285,0.14969473381730855
0.0,0.8323611359466222,0.017131769213028145,0.15050709484034966
0.0,0.8315279416263553,0.017152652009482745,0.1513194063641619
0.0,0.8306947473060885,0.017173584378514038,0.15213166831539746
0.0,0.8298615529858215,0.01719456639523054,0.15294388061894792
0.0,0.8290283586655547,0.017215598136468706,0.15375604319797662
0.0,0.8281951643452877,0.017236679680761497,0.15456815597395077
0.0,0.8273619700250209,0.017257811108307913,0.15538021886667122
0.0,0.826528775704754,0.017278992500943672,0.1561922317943023
0.0,0.8256955813844871,0.01730022394211279,0.15700419467340015
0.0,0.8248623870642202,0.017321505516840176,0.15781610741893962
0.0,0.8240291927439534,0.017342837311705155,0.15862796994434147
0.0,0.8231959984236864,0.017364219414815845,0.15943978216149776
0.0,0.8223628041034196,0.017385651915784436,0.160251543980796
0.0,0.8215296097831527,0.017407134905703302,0.161063255311144
0.0,0.8206964154628857,0.017428668477121864,0.16187491605999238
0.0,0.8198632211426189,0.017450252724024305,0.1626865261333568
0.0,0.819030026822352,0.017471887741808002,0.16349808543583996
0.0,0.8181968325020851,0.017493573627262636,0.16430959387065228
0.0,0.8180614378357496,0.017497090725604673,0.16444147143864574
0.0,0.8173636381818182,0.017516953951772017,0.16511940786640975
0.0,0.8165304438615514,0.017540710031136608,0.165928846107312
0.0,0.8156972495412844,0.01756452494234901,0.16673822551636658
0.0,0.8148640552210176,0.017588398765515528,0.1675475460134669
0.0,0.8140308609007507,0.01761233158282448,0.1683568075164248
0.0,0.8131976665804838,0.017636323478512038,0.1691660099410042
0.0,0.8123644722602169,0.01766037453882914,0.16997515320095397
0.0,0.81153127793995,0.017684484852009533,0.17078423720804053
0.0,0.8106980836196831,0.017708654508238667,0.17159326187207824
0.0,0.8098648892994162,0.017732883599623724,0.17240222710096004
0.0,0.8090316949791493,0.017757172220164437,0.17321113280068628
0.0,0.8081985006588824,0.017781520465724912,0.17401997887539267
0.0,0.8073653063386156,0.01780592843400634,0.17482876522737809
0.0,0.8065321120183486,0.017830396224520477,0.1756374917571309
0.0,0.8056989176980818,0.017854923938564048,0.17644615836335417
0.0,0.8048657233778149,0.01787951167919387,0.1772547649429912
0.0,0.804032529057548,0.01790415955120284,0.1780633113912492
0.0,0.8031993347372811,0.017928867661096547,0.17887179760162233
0.0,0.8023661404170143,0.017953636117070758,0.17968022346591497
0.0,0.8015329460967473,0.017978465028989508,0.1804885888742632
0.0,0.8006997517764805,0.018003354508363906,0.18129689371515564
0.0,0.7998665574562136,0.018028304668331614,0.1821051378754548
0.0,0.7990333631359466,0.018053315623636962,0.1829133212404164
0.0,0.7982001688156798,0.01807838749061165,0.18372144369370857
0.0,0.7973669744954129,0.01810352038715618,0.18452950511743088
0.0,0.796533780175146,0.01812871443272169,0.18533750539213234
0.0,0.7957005858548791,0.018153969748292503,0.18614544439682837
0.0,0.7948673915346122,0.01817928645636919,0.18695332200901865
0.0,0.7940341972143453,0.018204664680952165,0.18776113810470252
0.0,0.7932010028940785,0.01823010454752579,0.18856889255839573
0.0,0.7923678085738115,0.018255606183042988,0.18937658524314552
0.0,0.7915346142535447,0.01828116971591038,0.19018421603054497
0.0,0.7907014199332778,0.018306795275973897,0.1909917847907483
0.0,0.789939228950778,0.018330285045871562,0.1917304860033505
0.0,0.7898682256130108,0.01833267443100734,0.19179909995598182
0.0,0.789035031292744,0.018360668778074782,0.1926042999291812
0.0,0.7882018369724771,0.018388733860682436,0.19340942916684042
0.0,0.7873686426522102,0.01841686980348606,0.19421448754430376
0.0,0.7865354483319433,0.018445076733078578,0.1950194749349781
0.0,0.7857022540116765,0.01847335477796866,0.19582439121035486
0.0,0.7848690596914095,0.0185017040685597,0.19662923624003079
0.0,0.7840358653711427,0.01853012473712963,0.1974340098917277
0.0,0.7832026710508758,0.018558616917811195,0.198238712031313
0.0,0.7823694767306089,0.018587180746572885,0.19904334252281825
0.0,0.781536282410342,0.018615816361200445,0.19984790122845755
0.0,0.780703088090075,0.018644523901278975,0.200652388008646
0.0,0.7798698937698082,0.018673303508175483,0.20145680272201633
0.0,0.7790366994495413,0.01870215532502207,0.2022611452254366
0.0,0.7782035051292744,0.0187310794966996,0.203065415374026
0.0,0.7773703108090075,0.01876007616982182,0.20386961302117065
0.0,0.7765371164887407,0.018789145492720087,0.20467373801853922
0.0,0.7757039221684737,0.018818287615428475,0.2054777902160978
0.0,0.7748707278482069,0.018847502689669355,0.20628176946212376
0.0,0.77403753352794,0.018876790868839533,0.20708567560322044
0.0,0.7732043392076731,0.018906152307996662,0.20788950848433027
0.0,0.7723711448874062,0.018935587163846263,0.2086932679487475
0.0,0.7715379505671394,0.018965095594729024,0.2094969538381316
0.0,0.7707047562468724,0.018994677760608602,0.210300565992519
0.0,0.7698715619266056,0.019024333823059774,0.21110410425033468
0.0,0.7690383676063387,0.01905406394525701,0.21190756844840428
0.0,0.7682051732860717,0.019083868291963412,0.21271095842196486
0.0,0.7673719789658049,0.01911374702952,0.2135142740046751
0.0,0.766538784645538,0.01914370032583544,0.2143175150286265
0.0,0.7659892298942783,0.01916347936613845,0.21484729073958325
0.0,0.7657055903252711,0.019174588518408565,0.21511982115632036
0.0,0.7648723960050042,0.019207219818625106,0.21592038417637066
0.0,0.7640392016847373,0.019239935346509213,0.2167208629687535
0.0,0.7632060073644704,0.019272735273235607,0.21752125736229397
0.0,0.7623728130442036,0.019305619771963704,0.21832156718383272
0.0,0.7615396187239366,0.01933858901782294,0.21912179225824047
0.0,0.7607064244036698,0.019371643187898493,0.21992193240843175
0.0,0.7598732300834029,0.019404782461217615,0.22072198745537946
0.0,0.759040035763136,0.019438007018736225,0.22152195721812784
0.0,0.7582068414428691,0.019471317043326053,0.22232184151380485
0.0,0.7573736471226022,0.019504712719762143,0.2231216401576356
0.0,0.7565404528023353,0.0195381942347108,0.2239213529629539
0.0,0.7557072584820684,0.019571761776717912,0.22472097974121366
0.0,0.7548740641618016,0.019605415536197667,0.22552052030200076
0.0,0.7540408698415346,0.019639155705421678,0.2263199744530437
0.0,0.7532076755212678,0.019672982478508447,0.22711934200022377
0.0,0.7523744812010009,0.01970689605141322,0.22791862274758587
0.0,0.751541286880734,0.019740896621918188,0.22871781649734785
0.0,0.7507080925604671,0.019774984389623038,0.22951692304990984
0.0,0.7498748982402003,0.019809159555935842,0.2303159422038639
0.0,0.7490417039199333,0.019843422324064327,0.23111487375600237
0.0,0.7482085095996664,0.01987777289900739,0.23191371750132617
0.0,0.7473753152793995,0.019912211487546995,0.23271247323305352
0.0,0.7465421209591326,0.019946738298240375,0.233511140742627
0.0,0.7457089266388658,0.019981353541412544,0.23430971981972168
0.0,0.745340363484332,0.01999667368640534,0.2346629628292627
0.0,0.7448757323185988,0.020017623948603486,0.2351066437327977
0.0,0.744042537998332,0.020055230818617556,0.23590223118305048
0.0,0.7432093436780651,0.020092936911339294,0.2366977194105956
0.0,0.7423761493577982,0.02013074244742551,0.23749310819477631
0.0,0.7415429550375313,0.020168647649689054,0.23828839731277962
0.0,0.7407097607172645,0.020206652743088534,0.239083586539647
0.0,0.7398765663969975,0.0202447579547183,0.2398786756482842
0.0,0.7390433720767307,0.020282963513798907,0.24067366440947044
0.0,0.7382101777564638,0.020321269651667858,0.24146855259186834
0.0,0.7373769834361968,0.020359676601770745,0.24226333996203242
0.0,0.73654378911593,0.02039818459965268,0.24305802628441733
0.0,0.7357105947956631,0.020436793882950204,0.24385261132138666
0.0,0.7348774004753962,0.02047550469138332,0.2446470948332205
0.0,0.7340442061551293,0.02051431726674803,0.24544147657812265
0.0,0.7332110118348625,0.02055323185290912,0.2462357563122284
0.0,0.7323778175145955,0.020592248695793278,0.2470299337896112
0.0,0.7315446231943287,0.020631368043382458,0.24782400876228888
0.0,0.7307114288740617,0.020670590145707674,0.2486179809802306
0.0,0.7298782345537949,0.020709915254842958,0.2494118501913622
0.0,0.729045040233528,0.020749343624899726,0.2502056161415723
0.0,0.728211845913261,0.02078887551202132,0.25099927857471765
0.0,0.7273786515929942,0.020828511174377926,0.25179283723262785
0.0,0.7273501104276264,0.020829868006672227,0.2518200215657013
0.0,0.7265454572727273,0.020871238976361853,0.2525833037509108
0.0,0.7257122629524604,0.020914187902248128,0.2533735491452915
0.0,0.7248790686321935,0.020957252649157536,0.2541636787186489
0.0,0.7240458743119267,0.021000433492303367,0.25495369219576997
0.0,0.7232126799916597,0.021043730709311922,0.25574358929902835
0.0,0.7223794856713929,0.021087144580215548,0.2565333697483916
0.0,0.721546291351126,0.021130675387446046,0.2573230332614279
0.0,0.7207130970308591,0.021174323415828377,0.25811257955331257
0.0,0.7198799027105922,0.021218088952574644,0.25890200833683313
0.0,0.7190467083903254,0.02126197228727851,0.25969131932239614
0.0,0.7182135140700584,0.021305973711909815,0.2604805122180318
0.0,0.7173803197497916,0.021350093520809528,0.26126958672939893
0.0,0.7165471254295247,0.021394332010685056,0.2620585425597902
0.0,0.7157139311092577,0.021438689480605774,0.2628473794101365
0.0,0.7148807367889909,0.0214831662319989,0.2636360969790102
0.0,0.7140475424687239,0.021527762568645647,0.26442469496263044
0.0,0.7132143481484571,0.021572478796677636,0.2652131730548653
0.0,0.7123811538281902,0.021617315224573618,0.26600153094723616
0.0,0.7115479595079233,0.021662272163156453,0.26678976832892026
0.0,0.7115333082853065,0.02166306232693912,0.2668036293877544
0.0,0.7107147651876564,0.021710672929514913,0.2675745618828287
0.0,0.7098815708673896,0.021759266548277745,0.2683591625843327
0.0,0.7090483765471226,0.0218079940928704,0.269143629360007
0.0,0.7082151822268558,0.021856855897744124,0.26992796187540014
0.0,0.7073819879065889,0.02190585230009631,0.2707121597933148
0.0,0.7065487935863219,0.021954983639866296,0.27149622277381175
0.0,0.7057155992660551,0.0220042502597316,0.2722801504742133
0.0,0.7048824049457882,0.02205365250510448,0.27306394254910726
0.0,0.7040492106255213,0.022103190724128703,0.27384759865035
0.0,0.7032160163052544,0.022152865267676715,0.27463111842706883
0.0,0.7023828219849876,0.02220267648934707,0.2754145015256653
0.0,0.7015496276647206,0.022252624745462204,0.2761977475898172
0.0,0.7007164333444538,0.022302710395066358,0.27698085626047986
0.0,0.6998832390241868,0.02235293379992405,0.27776382717588916
0.0,0.69905004470392,0.022403295324518537,0.2785466599715615
0.0,0.6982168503836531,0.0224537953360508,0.2793293542802961
0.0,0.6975178586283939,0.022496256647206007,0.2799858847244001
0.0,0.6973836560633861,0.022505025890440945,0.2801113180461729
0.0,0.6965504617431193,0.022559480156630042,0.28089005810025064
0.0,0.6957172674228524,0.022614087784520006,0.28166864479262754
0.0,0.6948840731025855,0.022668849171446764,0.2824470777259678
0.0,0.6940508787823186,0.02272376471789461,0.28322535649978675
0.0,0.6932176844620518,0.022778834827494668,0.28400348071045356
0.0,0.6923844901417848,0.022834059907023568,0.2847814499511916
0.0,0.691551295821518,0.022889440366402433,0.2855592638120796
0.0,0.6907181015012511,0.022944976618696312,0.28633692188005255
0.0,0.6898849071809842,0.023000669080113768,0.28711442373890206
0.0,0.6890517128607173,0.02305651817000683,0.2878917689692759
0.0,0.6882185185404505,0.023112524310871317,0.28866895714867824
0.0,0.6873853242201835,0.023168687928347382,0.28944598785146913
0.0,0.6865521298999167,0.02322500945122035,0.290222860648863
0.0,0.6857189355796498,0.023281489311421936,0.29099957510892827
0.0,0.685013063853665,0.023329450967472895,0.2916574851788621
0.0,0.6848857412593828,0.023338734233087882,0.2917755245075293
0.0,0.684052546939116,0.02339950303474524,0.29254795002613876
0.0,0.683219352618849,0.023460446637788242,0.29332020074336274
0.0,0.6823861582985822,0.023521565511563598,0.29409227618985423
0.0,0.6815529639783153,0.02358286012903294,0.29486417589265174
0.0,0.6807197696580484,0.023644330966774107,0.29563589937517754
0.0,0.6798865753377815,0.02370597850498266,0.2964074461572358
0.0,0.6790533810175147,0.023767803227473894,0.2971788157550114
0.0,0.6782201866972477,0.02382980562168505,0.2979500076810672
0.0,0.6773869923769809,0.023891986178677858,0.29872102144434126
0.0,0.676553798056714,0.02395434539314149,0.2994918565501445
0.0,0.675720603736447,0.024016883763395728,0.30026251250015723
0.0,0.6748874094161802,0.024079601791394536,0.3010329887924253
0.0,0.6740542150959133,0.02414249998272985,0.30180328492135683
0.0,0.6737875965620659,0.024162645287739783,0.30204975815019436
0.0,0.6732210207756464,0.024208479759331256,0.30257049946502235
0.0,0.6723878264553795,0.024276017810156564,0.30333615573446393
0.0,0.6715546321351127,0.02434375421494617,0.30410161364994115
0.0,0.6707214378148457,0.024411689524836015,0.30486687266031826
0.0,0.6698882434945789,0.024479824295116016,0.3056319322103051
0.0,0.669055049174312,0.024548159085234646,0.3063967917404533
0.0,0.6682218548540451,0.024616694458803847,0.3071614506871511
0.0,0.6673886605337782,0.024685430983604255,0.3079259084826175
0.0,0.6665554662135112,0.02475436923159088,0.3086901645548979
0.0,0.6657222718932444,0.02482350977889901,0.3094542183278566
0.0,0.6648890775729775,0.024892853205850506,0.31021806922117195
0.0,0.6640558832527106,0.024962400096960526,0.31098171665032887
0.0,0.6636558518539097,0.024995839608006675,0.3113483085380836
0.0,0.6632226889324437,0.025034525255593708,0.3117427858119626
0.0,0.6623894946121769,0.02510905853474823,0.3125014468530749
0.0,0.6615563002919099,0.02518381528878857,0.3132598844193015
0.0,0.6607231059716431,0.02525879615625917,0.3140180978720978
0.0,0.6598899116513762,0.02533400178047018,0.3147760865681536
0.0,0.6590567173311093,0.02540943280950552,0.3155338498593852
0.0,0.6582235230108424,0.0254850898962312,0.31629138709292637
0.0,0.6573903286905756,0.025560973698304096,0.3170486976111203
0.0,0.6565571343703086,0.025637084878181098,0.3178057807515103
0.0,0.6557239400500418,0.025713424103128525,0.3185626358468297
0.0,0.6548907457297749,0.025789992045232062,0.319319262224993
0.0,0.6544665935146772,0.025829033928273563,0.31970437255704925
0.0,0.6540575514095079,0.025869180937068102,0.320073267653424
0.0,0.6532243570892411,0.02595109147114802,0.32082455143961086
0.0,0.6523911627689742,0.026033252682783486,0.32157558454824225
0.0,0.6515579684487073,0.026115665307436076,0.32232636624385663
0.0,0.6507247741284404,0.02619833008602513,0.32307689578553445
0.0,0.6498915798081735,0.026281247764939723,0.3238271724268868
0.0,0.6490583854879066,0.026364419096050987,0.3245771954160424
0.0,0.6482251911676398,0.026447844836724795,0.32532696399563543
0.0,0.6473919968473728,0.026531525749835028,0.32607647740279216
0.0,0.646558802527106,0.02661546260377699,0.32682573486911703
0.0,0.6460954407265842,0.02666222824854045,0.3272423310248753
0.0,0.6457256082068391,0.02670195528523839,0.3275724365079225
0.0,0.6448924138865721,0.026791598198005407,0.32831598791542244
0.0,0.6440592195663053,0.026881521090678352,0.32905925934301633
0.0,0.6432260252460384,0.02697172480526056,0.329802249948701
0.0,0.6423928309257715,0.0270622101899911,0.3305449588842374
0.0,0.6415596366055046,0.02715297809936102,0.33128738529513435
0.0,0.6407264422852378,0.027244029394130263,0.33202952832063193
0.0,0.6398932479649708,0.027335364941345006,0.33277138709368415
0.0,0.639060053644704,0.027426985614355196,0.33351296074094083
0.0,0.6384392013323054,0.02749542256880734,0.3340653760988873
0.0,0.6382268593244371,0.027520291652554985,0.3342528490230079
0.0,0.6373936650041702,0.027617986205756718,0.3349883487900731
0.0,0.6365604706839033,0.02771599212821377,0.3357235371878829
0.0,0.6357272763636364,0.02781431037800797,0.3364584132583557
0.0,0.6348940820433695,0.027912941920325052,0.33719297603630544
0.0,0.6340608877231027,0.028011887727476054,0.3379272245494213
0.0,0.6332276934028357,0.028111148778919258,0.3386611578182451
0.0,0.6323944990825688,0.028210726061282488,0.33939477485614866
0.0,0.631561304762302,0.028310620568386204,0.34012807466931183
0.0,0.6314113515566144,0.02832861688907423,0.34026003155431134
0.0,0.630728110442035,0.028415598125675914,0.34085629143228907
0.0,0.6298949161217682,0.028521962817196437,0.3415831210610354
0.0,0.6290617218015013,0.028628673390153434,0.3423096048083452
0.0,0.6282285274812344,0.028735730935970726,0.34303574158279493
0.0,0.6273953331609675,0.028843136554164726,0.3437615302848678
0.0,0.6265621388407007,0.028950891352372138,0.34448696980692717
0.0,0.6257289445204337,0.029058996446378074,0.34521205903318825
0.0,0.6249389830644128,0.02916181120934112,0.3458992057262461
0.0,0.6248957502001669,0.029167770804045978,0.34593647899578717
0.0,0.6240625558799,0.02928271402145781,0.34665473009864217
0.0,0.623229361559633,0.029398038636381612,0.3473725998039853
0.0,0.6223961672393662,0.029513745875135066,0.34809008688549875
0.0,0.6215629729190993,0.029629836973191482,0.34880719010770916
0.0,0.6207297785988324,0.029746313175213746,0.34952390822595386
0.0,0.6198965842785655,0.029863175735088673,0.3502402399863458
0.0,0.6190633899582986,0.029980425915962283,0.35095618412573915
0.0,0.6189598898006335,0.02999500552960801,0.35104510466975847
0.0,0.6182301956380317,0.030103719860649927,0.35166608450131837
0.0,0.6173970013177649,0.03022823337566289,0.35237476530657225
0.0,0.6165638069974979,0.030353168385931634,0.3530830246165705
0.0,0.6157306126772311,0.030478526281011047,0.3537908610417579
0.0,0.6148974183569642,0.0306043084608519,0.3544982731821839
0.0,0.6140642240366972,0.03073051633584297,0.3552052596274598
0.0,0.6134211303685054,0.030828199849874897,0.3557506697816197
0.0,0.6132310297164304,0.030858698322061288,0.3559102719615083
0.0,0.6123978353961635,0.03099255713387581,0.3566096074699606
0.0,0.6115646410758966,0.031126878292396135,0.3573084806317073
0.0,0.6107314467556297,0.03126166335022323,0.35800688989414703
0.0,0.6098982524353629,0.031396913871669006,0.35870483369296813
0.0,0.6090650581150959,0.03153263143280657,0.35940231045209753
0.0,0.6082771683947221,0.031661394170141785,0.3600614374351361
0.0,0.6082318637948291,0.03166920433898577,0.36009893186618513
0.0,0.6073986694745622,0.031812985149338106,0.36078834537609966
0.0,0.6065654751542953,0.03195727266200772,0.36147725218369703
0.0,0.6057322808340284,0.03210206861323055,0.362165650552741
0.0,0.6048990865137616,0.03224737475243242,0.362853538733806
0.0,0.6040658921934946,0.03239319284228968,0.3635409149642157
0.0,0.6034880941699862,0.03249458849040868,0.3640173173396052
0.0,0.6032326978732278,0.03254180936106182,0.3642254927657104
0.0,0.6023995035529608,0.03269613023600269,0.3649043662110365
0.0,0.6015663092326939,0.032851005995727225,0.36558268477157885
0.0,0.6007331149124271,0.03300643858347203,0.3662604465041009
0.0,0.5998999205921601,0.033162429957332075,0.3669376494505078
0.0,0.5990667262718933,0.033318982090333224,0.3676142916377735
0.0,0.5990199396608755,0.03332778281067556,0.3676522775284489
0.0,0.5982335319516264,0.033483464625336454,0.3682830034230371
0.0,0.5974003376313595,0.033648989096458325,0.36895067327218223
0.0,0.5965671433110926,0.03381512082326316,0.3696177358656442
0.0,0.5957339489908258,0.03398186198253031,0.37028418902664395
0.0,0.5949007546705588,0.03414921476778504,0.37095003056165615
0.0,0.5948422649760766,0.03416097713094245,0.3709967578929809
0.0,0.594067560350292,0.03432476465633966,0.3716076749933684
0.0,0.5932343660300251,0.034501544500372135,0.37226408946960277
0.0,0.5924011717097581,0.03467898614379648,0.37291984214644536
0.0,0.5915679773894913,0.034857092008333965,0.3735749306021747
0.0,0.5909287059723668,0.034994171451209345,0.37407712257642384
0.0,0.5907347830692244,0.035037842845873086,0.3742273740849025
0.0,0.5899015887489575,0.035225807913960024,0.3748726033370825
0.0,0.5890683944286906,0.035414491131211236,0.3755171144400981
0.0,0.5882352001084238,0.03560389517298533,0.37616090471859087
0.0,0.5874020057881568,0.035794022735606175,0.376803971476237
0.0,0.5872561238920215,0.03582736577147623,0.37691651033650225
0.0,0.58656881146789,0.03599219437765609,0.3774389941544539
0.0,0.585735617147623,0.03619269252182355,0.37807169033055343
0.0,0.5849024228273562,0.03639397242353104,0.3787036047491128
0.0,0.5840692285070893,0.03659603706370414,0.37933473442920657
0.0,0.5838037242482663,0.03666056009174312,0.37953571565999056
0.0,0.5832360341868223,0.03680518211429475,0.3799587836988829
0.0,0.5824028398665555,0.03701810369332207,0.3805790564401224
0.0,0.5815696455462886,0.03723187264686576,0.38119848180684557
0.0,0.5807364512260217,0.03744649227275713,0.38181705650122116
0.0,0.5805533138347971,0.03749375441201001,0.38195293175319284
0.0,0.5799032569057548,0.03766946479857459,0.3824272782956706
0.0,0.579070062585488,0.03789545665831759,0.3830344807561944
0.0,0.578236868265221,0.03812236658508903,0.3836407651496899
0.0,0.5774884917546637,0.0383269487322769,0.38418455951305946
0.0,0.5774036739449542,0.0383512137822619,0.3842451122727839
0.0,0.5765704796246873,0.03858997436133767,0.384839546013975
0.0,0.5757372853044204,0.03882972519672958,0.3854329894988501
0.0,0.5749040909841535,0.03907047030079927,0.38602543871504724
0.0,0.5745944922278693,0.03916014305254379,0.3862453647195869
0.0,0.5740708966638867,0.0393187341086358,0.38661036922747755
0.0,0.5732377023436197,0.03957190633263352,0.3871903913237468
0.0,0.5724045080233529,0.03982615056885619,0.38776934140779096
0.0,0.5718584028849615,0.039993337372810675,0.38814825974222783
0.0,0.571571313703086,0.04008517969199024,0.3883435066049238
0.0,0.570738119382819,0.04035238619453637,0.3889094944226446
0.0,0.5699049250625522,0.04062074804425752,0.3894743268931903
0.0,0.5692683503377176,0.04082653169307757,0.3899051179692048
0.0,0.5690717307422852,0.0408929039666484,0.39003536529106636
0.0,0.5682385364220184,0.04117479282488229,0.39058667075309933
0.0,0.5674053421017515,0.04145792639383513,0.39113673150441336
0.0,0.5668136199482123,0.04165972601334445,0.3915266540384432
0.0,0.5665721477814846,0.04174566389192386,0.3916821883265916
0.0,0.5657389534612177,0.04204292141470743,0.39221812512407483
0.0,0.5649057591409509,0.04234151952088775,0.39275272133816136
0.0,0.5644845988829025,0.04249292033361134,0.39302248078348617
0.0,0.5640725648206839,0.042647397149955975,0.3932800380293601
0.0,0.5632393705004171,0.04296075122130319,0.3937998782782798
0.0,0.5624061761801502,0.04327554878702591,0.3943182750328239
0.0,0.5622726301778368,0.043326114653878235,0.39440125516828495
0.0,0.5615729818598832,0.04360224052834149,0.39482477761177526
0.0,0.5607397875396164,0.04393246428582511,0.3953277481745585
0.0,0.5601695841683983,0.04415930897414512,0.39567110685745654
0.0,0.5599065932193495,0.0442682993110309,0.3958251074696196
0.0,0.5590733988990826,0.04461455027987916,0.39631205082103826
0.0,0.5582402045788157,0.044962466169254325,0.39679732925192995
0.0,0.5581684209663336,0.04499250329441201,0.3968390757392544
0.0,0.5574070102585489,0.04532423232546736,0.3972687574159838
0.0,0.5565738159382819,0.045688924704679,0.3977372593570391
0.0,0.5562622784329602,0.045825697614678904,0.3979120239523609
0.0,0.5557406216180151,0.04606403000636613,0.3981953483756188
0.0,0.5549074272977481,0.04644617015446758,0.39864640254778433
0.0,0.5544453103645354,0.04665889193494579,0.39889579770051886
0.0,0.5540742329774813,0.04683656582802849,0.39908920119449026
0.0,0.5532410386572144,0.047236860570886184,0.3995221007718994
0.0,0.552711911965529,0.04749208625521268,0.3997960017792583
0.0,0.5524078443369475,0.0476445749846775,0.39994758067837505
0.0,0.5515746500166806,0.048063769589294474,0.4003615803940249
0.0,0.551056963879569,0.048325280575479565,0.4006177555449514
0.0,0.5507414556964138,0.048490916094966016,0.4007676282086202
0.0,0.5499082613761468,0.04892979743166352,0.4011619411921897
0.0,0.5494757791657359,0.04915847489574646,0.4013657459385177
0.0,0.5490750670558799,0.04937858301492777,0.4015463499291923
0.0,0.5482418727356131,0.0498379830176215,0.4019201442467654
0.0,0.5479640570400588,0.04999166921601335,0.40204427374392787
0.0,0.5474086784153461,0.05031071785199028,0.4022806037326636
0.0,0.5465754840950793,0.050791517310857744,0.402632998594063
0.0,0.5465178423963373,0.05082486353628023,0.4026572940673825
0.0,0.5457422897748124,0.051290625321197304,0.40296708490399025
0.0,0.5451332644835012,0.051658057856547125,0.40320867765995166
0.0,0.5449090954545455,0.051798403346113936,0.40329250119934057
0.0,0.5440759011342786,0.052321788604882485,0.4036023102608389
0.0,0.5438070773130591,0.05249125217681401,0.4037016705101269
0.0,0.5432427068140118,0.05286033913187715,0.4038969540541111
0.0,0.5425361072809702,0.0533244464970809,0.40413944622194886
0.0,0.5424095124937448,0.053410679731262754,0.40417980777499246
0.0,0.541576318173478,0.053979998096289804,0.40444368373023226
0.0,0.5413172932153317,0.054157640817347794,0.40452506596732046
0.0,0.5407431238532111,0.05456591899770407,0.4046909571490848
0.0,0.5401480059770559,0.05499083513761468,0.4048611588853294
0.0,0.5399099295329441,0.0551670344495561,0.40492303601749974
0.0,0.5390767352126773,0.05578601251482629,0.4051372522724964
0.0,0.539025712311363,0.05582402945788157,0.40515025823075546
0.0,0.5382435408924103,0.05642800451042875,0.40532845459716094
0.0,0.5379478513947202,0.056657223778148455,0.4053949248271313
0.0,0.5374103465721435,0.05708894009095623,0.4055007133369003
0.0,0.536912394573082,0.05749041809841535,0.4055971873285026
0.0,0.5365771522518766,0.05777040550877187,0.4056524422393515
0.0,0.5359172377501573,0.05832361241868224,0.40575914983116046
0.0,0.5357439579316097,0.05847405346587608,0.40578198860251424
0.0,0.5349604179353643,0.05915680673894912,0.40588277532568656
0.0,0.5349107636113428,0.05920160896984054,0.4058876274188166
0.0,0.534077569291076,0.059955935199852345,0.4059664955090717
0.0,0.534040066808501,0.059990001059216015,0.40596993213228294
0.0,0.533244374970809,0.06073836175170317,0.4060172632774878
0.0,0.5331544909227551,0.0608231953794829,0.406022313697762
0.0,0.5324111806505422,0.06154947145333836,0.4060393478961195
0.0,0.5323021291499734,0.06165638969974979,0.4060414811502768
0.0,0.5315779863302753,0.06239130689547647,0.40603070677424824
0.0,0.5314814748556553,0.062489584020016684,0.40602894112432797
0.0,0.5307447920100083,0.06326601743176379,0.40598919055822785
0.0,0.5306911142700438,0.06332277834028356,0.40598610738967267
0.0,0.5299297030098306,0.06415597266055045,0.405914324329619
0.0,0.5299115976897415,0.06417646779702404,0.4059119345132345
0.0,0.5291959358365242,0.06498916698081734,0.4058148971826584
0.0,0.5290784033694746,0.06512727017288347,0.4057943264576419
0.0,0.5284886876713375,0.06582236130108424,0.4056889510275783
0.0,0.5282452090492077,0.06611930367861522,0.4056354872721771
0.0,0.5278068526396573,0.06665555562135111,0.40553759173899157
0.0,0.5274120147289408,0.06715532498096331,0.40543266029009584
0.0,0.5271493878927407,0.067488749941618,0.4053618621656413
0.0,0.526578820408674,0.06823826607962911,0.4051829135116969
0.0,0.5265153091135669,0.0683219442618849,0.4051627466245482
0.0,0.5259035462351109,0.06915513858215179,0.4049413151827373
0.0,0.525745626088407,0.06937758671830115,0.40487678719329184
0.0,0.5253132873757421,0.06998833290241868,0.4046983797218392
0.0,0.5249124317681402,0.0705742749982137,0.40451329323364615
0.0,0.5247437584768581,0.07082152722268556,0.4044347143004564
0.0,0.5241940708519753,0.07165472154295245,0.4041512076050722
0.0,0.5240792374478733,0.07183463784314323,0.4040861247089834
0.0,0.5236634170448619,0.07248791586321934,0.4038486670919188
0.0,0.5232460431276064,0.07316654907959265,0.403587407792801
0.0,0.5231512413726038,0.07332111018348623,0.4035276484439099
0.0,0.522656657590126,0.07415430450375313,0.4031890379061208
0.0,0.5224128488073395,0.07457917501491,0.40300797617775047
0.0,0.5221791499741407,0.07498749882402,0.4028333512018393
0.0,0.5217180753504554,0.0758206931442869,0.40246123150525764
0.0,0.5215796544870726,0.07607922772696929,0.40234111778595816
0.0,0.5212727639380303,0.07665388746455379,0.40207334859741584
0.0,0.5208427924950929,0.07748708178482068,0.4016701257200864
0.0,0.5207464601668057,0.07767995593262551,0.4015735839005688
0.0,0.5204274432893656,0.07832027610508757,0.4012522806055468
0.0,0.520026395667126,0.07915347042535445,0.40082013390751947
0.0,0.5199132658465389,0.07939635748383381,0.40069037666962737
0.0,0.5196389847150457,0.07998666474562134,0.400374350539333
0.0,0.5192648822085582,0.08081985906588823,0.3999152587255536
0.0,0.5190800715262719,0.08124554486689395,0.39967438360683416
0.0,0.5189035715978786,0.08165305338615512,0.3994433750159663
0.0,0.5185546136918266,0.08248624770642202,0.39895913860175136
0.0,0.518246877206005,0.08324720289489086,0.3985059198991041
0.0,0.5182177307625445,0.0833194420266889,0.3984628272107666
0.0,0.517892275625326,0.08415263634695579,0.3979550880277182
0.0,0.5175781442215598,0.08498583066722268,0.39743602511121756
0.0,0.5174136828857382,0.08543715578068838,0.3971491613335734
0.0,0.5172748423967479,0.08581902498748957,0.3969061326157625
0.0,0.5169820012519737,0.08665221930775646,0.39636577944026985
0.0,0.5166994361624622,0.08748541362802334,0.3958151502095145
0.0,0.5165804885654712,0.08784832296812331,0.3955711884664055
0.0,0.516426681251411,0.08831860794829023,0.3952547108002988
0.0,0.5161634654131985,0.08915180226855712,0.3946847323182444
0.0,0.515909603512352,0.08998499658882401,0.3941053998988239
0.0,0.5157472942452044,0.09053687766634325,0.3937158280884524
0.0,0.5156647332397878,0.0908181909090909,0.3935170758511213
0.0,0.5154285110290175,0.0916513852293578,0.39292010374162467
0.0,0.5152008279919024,0.09248457954962468,0.39231459245847294
0.0,0.5149814326623164,0.09331777386989157,0.39170079346779196
0.0,0.5149140999249375,0.093582676001311,0.3915032240737515
0.0,0.5147699429455735,0.09415096819015846,0.391079088864268
0.0,0.5145662049778317,0.09498416251042535,0.390449632511743
0.0,0.5143700600287956,0.09581735683069224,0.38981258314051215
0.0,0.5141812928768037,0.09665055115095912,0.3891681559722372
0.0,0.5140809056046706,0.09711053869896129,0.38880855569636813
0.0,0.5139996154231142,0.09748374547122601,0.38851663910565976
0.0,0.5138248132389311,0.0983169397914929,0.38785824696957594
0.0,0.5136567930264493,0.0991501341117598,0.38719307286179094
0.0,0.5134953695248607,0.09998332843202669,0.3865213020431126
0.0,0.5133403641294965,0.10081652275229357,0.38584311311820996
0.0,0.5132477112844037,0.10133490210867978,0.3854173866069165
0.0,0.5131915469479053,0.10164971707256046,0.3851587359795343
0.0,0.5130487184307442,0.10248291139282735,0.3844683701764285
0.0,0.5129118124888177,0.10331610571309424,0.3837720817980881
0.0,0.512780674370146,0.10414930003336113,0.3830700255964929
0.0,0.5126551546501726,0.10498249435362801,0.38236235099619936
0.0,0.5125351090060746,0.1058156886738949,0.3816492023200305
0.0,0.5124203980024663,0.1066488829941618,0.3809307190033719
0.0,0.5124145169641369,0.10669350848683273,0.3808919745490304
0.0,0.5123107750712536,0.10748207731442869,0.38020714761431773
0.0,0.5122062187258968,0.10831527163469558,0.37947850963940766
0.0,0.5121066093152912,0.10914846595496246,0.37874492472974636
0.0,0.5120118250344375,0.10998166027522935,0.3780065146903331
0.0,0.5119217480424647,0.11081485459549624,0.37726339736203907
0.0,0.5118362643042517,0.11164804891576313,0.3765156867799852
0.0,0.511755263439602,0.11248124323603002,0.375763493324368
0.0,0.511678638579552,0.1133144375562969,0.37500692386415113
0.0,0.5116062862294262,0.1141476318765638,0.37424608189401004
0.0,0.5115813226438699,0.11445216560464308,0.373966511751487
0.0,0.5115380564154304,0.11498082619683068,0.3734811173877389
0.0,0.5114738765782587,0.11581402051709758,0.37271210290464374
0.0,0.5114136810637125,0.11664721483736447,0.371939104098923
0.0,0.5113573786417712,0.11748040915763135,0.3711622122005974
0.0,0.5113048808606673,0.11831360347789824,0.3703815156614345
0.0,0.5112561019435051,0.11914679779816513,0.36959710025832976
0.0,0.511210958689483,0.11997999211843202,0.368809049192085
0.0,0.511169370379479,0.12081318643869891,0.3680174431818221
0.0,0.5111312586857792,0.12164638075896579,0.367222360555255
0.0,0.5110965475857375,0.12247957507923268,0.3664238773350298
0.0,0.5110651632791691,0.12331276939949957,0.36562206732133135
0.0,0.5110370341092919,0.12414596371976647,0.3648170021709416
0.0,0.5110120904870376,0.12497915804003336,0.3640087514729291
0.0,0.5109902648185687,0.12581235236030025,0.36319738282113107
0.0,0.5109714914358437,0.12664554668056713,0.3623829618835891
0.0,0.5109557065300812,0.12747874100083403,0.36156555246908484
0.0,0.5109428480879844,0.1283119353211009,0.3607452165909147
0.0,0.5109328558305943,0.1291451296413678,0.35992201452803785
0.0,0.5109256711546438,0.1299783239616347,0.3590960048837215
0.0,0.5109212370762971,0.13081151828190157,0.3582672446418013
0.0,0.5109194981771614,0.13164471260216848,0.3574357892206701
0.0,0.5109204005524649,0.13247790692243536,0.35660169252509977
0.0,0.5109238917613004,0.13331110124270223,0.3557650069959974
0.0,0.5109299207788405,0.13414429556296914,0.3549257836581904
0.0,0.5109384379504334,0.13497748988323602,0.35408407216633064
0.0,0.5109493949474936,0.13581068420350292,0.35323992084900346
0.0,0.5109627447251082,0.1366438785237698,0.35239337675112203
0.0,0.5109784414812794,0.13747707284403668,0.351544485674684
0.0,0.5109964406177328,0.13831026716430359,0.35069329221796364
0.0,0.511016698702221,0.13914346148457046,0.34983983981320854
0.0,0.5110391734322559,0.13997665580483737,0.3489841707629067
0.0,0.5110638236002097,0.14080985012510425,0.348126326274686
0.0,0.5110906090597229,0.14164304444537112,0.34726634649490595
0.0,0.511119490693364,0.14247623876563803,0.3464042705409979
0.0,0.5111504303814876,0.1433094330859049,0.3455401365326075
0.0,0.5111833909722382,0.1441426274061718,0.34467398162159
0.0,0.5112183362526541,0.1449758217264387,0.3438058420209072
0.0,0.5112552309208214,0.14580901604670557,0.34293575303247303
0.0,0.511294040559038,0.14664221036697248,0.3420637490739895
0.0,0.5113347316079432,0.14747540468723935,0.34118986370481746
0.0,0.5113772713415727,0.14830859900750626,0.340314129650921
0.0,0.5114216278433042,0.14914179332777314,0.33943657882892264
0.0,0.5114677699826529,0.14997498764804001,0.3385572423693071
0.0,0.511515667392886,0.15080818196830692,0.33767615063880707
0.0,0.5115652904494215,0.1516413762885738,0.3367933332620048
0.0,0.5115813226438699,0.15190118559587196,0.33651749176025814
0.0,0.5116165524393769,0.1524745706088407,0.3359088769517824
0.0,0.5116694529476611,0.15330776492910758,0.33502278212323133
0.0,0.5117239905140996,0.15414095924937446,0.334135050236526
0.0,0.5117801382619422,0.15497415356964137,0.33324570816841637
0.0,0.5118378699589294,0.15580734788990824,0.3323547821511623
0.0,0.5118971599997802,0.15664054221017515,0.3314622977900446
0.0,0.5119579833892751,0.15747373653044203,0.33056828008028283
0.0,0.5120203157259064,0.1583069308507089,0.32967275342338465
0.0,0.512084133186079,0.1591401251709758,0.32877574164294515
0.0,0.5121494125088368,0.1599733194912427,0.32787726799992045
0.0,0.5122161309810972,0.1608065138115096,0.32697735520739324
0.0,0.5122842664233747,0.16163970813177647,0.32607602544484887
0.0,0.5123537971759732,0.16247290245204335,0.32517330037198344
0.0,0.5124145169641369,0.1631861357652315,0.32439934727063163
0.0,0.5124246835573372,0.16330609677231026,0.3242692196703526
0.0,0.5124968095022319,0.16413929109257713,0.323363899405191
0.0,0.5125702645239525,0.16497248541284404,0.32245725006320347
0.0,0.5126450288887242,0.16580567973311092,0.3215492913781649
0.0,0.512721083319539,0.1666388740533778,0.3206400426270832
0.0,0.5127984089848237,0.1674720683736447,0.31972952264153165
0.0,0.512876987487471,0.16830526269391158,0.31881774981861744
0.0,0.512956800854221,0.16913845701417848,0.31790474213160047
0.0,0.5130378315253786,0.16997165133444536,0.316990517140176
0.0,0.5131200623448587,0.17080484565471224,0.31607509200042905
0.0,0.5132034765505439,0.17163803997497915,0.31515848347447695
0.0,0.5132477112844037,0.17207322093149047,0.3146790677841058
0.0,0.5132879776824666,0.17247123429524602,0.3142407880222874
0.0,0.5133735381010319,0.17330442861551293,0.31332203328345515
0.0,0.5134602293719036,0.1741376229357798,0.31240214769231656
0.0,0.5135480361896693,0.17497081725604668,0.31148114655428405
0.0,0.5136369435984989,0.1758040115763136,0.31055904482518754
0.0,0.5137269369841684,0.17663720589658047,0.3096358571192511
0.0,0.5138180020663329,0.17747040021684737,0.3087115977168198
0.0,0.5139101248910347,0.17830359453711425,0.30778628057185103
0.0,0.514003291823446,0.17913678885738116,0.3068599193191729
0.0,0.5140809056046706,0.17982296140737156,0.3060961329879579
0.0,0.5140974541767723,0.17996998317764804,0.30593256264557966
0.0,0.5141924650987364,0.1808031774979149,0.3050043574033487
0.0,0.5142884762917873,0.18163637181818182,0.30407515189003087
0.0,0.5143854752963717,0.1824695661384487,0.30314495856517965
0.0,0.5144834499383832,0.1833027604587156,0.30221378960290113
0.0,0.5145823883231334,0.18413595477898248,0.3012816568978841
0.0,0.5146822788295048,0.18496914909924936,0.3003485720712459
0.0,0.514783110104281,0.18580234341951626,0.2994145464762027
0.0,0.5148848710566509,0.18663553773978314,0.29847959120356593
0.0,0.5149140999249375,0.1868722405499905,0.29821365952507195
0.0,0.514987382860633,0.18746873206005005,0.297543885079317
0.0,0.5150907314604666,0.18830192638031693,0.29660734215921647
0.0,0.5151949729172852,0.1891351207005838,0.295669906382131
0.0,0.5153000971002497,0.1899683150208507,0.2947315878788996
0.0,0.5154060941151892,0.1908015093411176,0.29379239654369316
0.0,0.5155129543000267,0.1916347036613845,0.2928523420385888
0.0,0.5156206682203441,0.19246789798165137,0.2919114337980045
0.0,0.5157292266650827,0.19330109230191825,0.29096968103299903
0.0,0.5157472942452044,0.1934383775741267,0.2908143281806689
0.0,0.5158383982925265,0.19413428662218515,0.29002731508528834
0.0,0.515948347640154,0.19496748094245203,0.289084171417394
0.0,0.5160591098184082,0.19580067526271894,0.2881402149188729
0.0,0.5161706764263982,0.19663386958298582,0.28719545399061597
0.0,0.5162830392662566,0.1974670639032527,0.2862498968304907
0.0,0.5163961903395645,0.1983002582235196,0.2853035514369159
0.0,0.5165101218438893,0.19913345254378648,0.2843564256123242
0.0,0.5165804885654712,0.1996440170736959,0.2837754943608329
0.0,0.516624712066919,0.19996664686405338,0.28340864106902763
0.0,0.5167398821154804,0.20079984118432026,0.28246027670019935
0.0,0.516855804694437,0.20163303550458714,0.28151115980097585
0.0,0.5169724727052494,0.20246622982485404,0.28056129746989655
0.0,0.5170898792288018,0.20329942414512092,0.2796106966260773
0.0,0.5172080175225356,0.20413261846538783,0.2786593640120765
0.0,0.5173268810176753,0.2049658127856547,0.27770730619666995
0.0,0.5174136828857382,0.2055701242026511,0.2770161929116107
0.0,0.5174463742066447,0.20579900710592158,0.2767546186874337
0.0,0.5175663395452369,0.2066322014261885,0.2758014590285746
0.0,0.5176870054545804,0.20746539574645537,0.27484759879896425
0.0,0.5178083659823016,0.20829859006672227,0.27389304395097613
0.0,0.5179304153363484,0.20913178438698915,0.2729378002766624
0.0,0.518053147882712,0.20996497870725603,0.271981873410032
0.0,0.5181765581432267,0.21079817302752293,0.2710252688292504
0.0,0.518246877206005,0.2112697477096206,0.27048337508437437
0.0,0.5183004865003109,0.2116313673477898,0.2700681461518993
0.0,0.5184248752620361,0.21246456166805672,0.2691105630699072
0.0,0.5185499199412493,0.2132977559883236,0.2681523240704271
0.0,0.518675615604107,0.21413095030859047,0.2671934340873025
0.0,0.5188019574617275,0.21496414462885738,0.2662338979094151
0.0,0.5189289408684112,0.21579733894912426,0.26527372018246453
0.0,0.5190565613199281,0.21663053326939116,0.26431290541068075
0.0,0.5190800715262719,0.21678289185983174,0.26413703661389637
0.0,0.5191844972483953,0.21746372758965804,0.26335177516194663
0.0,0.5193129842750352,0.21829692190992492,0.26239009381503986
0.0,0.5194420890191614,0.21913011623019182,0.2614277947506467
0.0,0.5195718074615638,0.2199633105504587,0.26046488198797746
0.0,0.519702135715798,0.2207965048707256,0.25950135941347635
0.0,0.5198330700268348,0.22162969919099249,0.2585372307821727
0.0,0.5199132658465389,0.22213707811000835,0.25794965604345277
0.0,0.5199644437323522,0.22246289351125936,0.25757266275638846
0.0,0.5200961563070241,0.22329608783152627,0.2566077558614496
0.0,0.5202284574624153,0.22412928215179315,0.2556422603857915
0.0,0.5203613438857486,0.22496247647206005,0.25467617964219136
0.0,0.5204948123885631,0.22579567079232693,0.25370951681910997
0.0,0.5206288599056864,0.2266288651125938,0.25274227498171975
0.0,0.5207464601668057,0.22735641481188204,0.25189712502131223
0.0,0.5207634268209723,0.2274620594328607,0.251774513746167
0.0,0.520898170529636,0.2282952537531276,0.25080657571723636
0.0,0.521033477430931,0.2291284480733945,0.24983807449567452
0.0,0.5211693448659062,0.22996164239366138,0.24886901274043247
0.0,0.5213057702932238,0.23079483671392825,0.24789939299284797
0.0,0.5214427512884277,0.23162803103419516,0.2469292176773772
0.0,0.5215796544870726,0.23245739032885568,0.24596295518407177
0.0,0.5215802833411392,0.23246122535446204,0.2459584913043988
0.0,0.5217178838979195,0.23329441967472894,0.24498769642735155
0.0,0.521856025684594,0.23412761399499582,0.24401636032041019
0.0,0.5219947066527933,0.2349608083152627,0.24304448503194395
0.0,0.5221339248666358,0.2357940026355296,0.2420720724978346
0.0,0.5222736785022701,0.23662719695579648,0.24109912454193339
0.0,0.5224128488073395,0.23745373577985518,0.2401334154128053
0.0,0.5224139617620162,0.2374603912760634,0.24012564696192046
0.0,0.5225542630628115,0.23829358559633027,0.23915215134085824
0.0,0.5226950867828372,0.23912677991659714,0.2381781333005657
0.0,0.5228364314494207,0.23995997423686405,0.23720359431371524
0.0,0.5229782956987016,0.24079316855713093,0.2362285357441675
0.0,0.5231206782754351,0.24162636287739783,0.2352529588471671
0.0,0.5232460431276064,0.2423570241307435,0.23439693274165013
0.0,0.5232635108191497,0.2424595571976647,0.2342769319831856
0.0,0.5234063732638751,0.2432927515179316,0.23330087521819334
0.0,0.5235497422401021,0.2441259458381985,0.23232431192169942
0.0,0.523693616823554,0.24495914015846537,0.23134724301798065
0.0,0.523837996196452,0.24579233447873228,0.23036966932481573
0.0,0.5239828796475718,0.24662552879899916,0.229391591553429
0.0,0.5240792374478733,0.24717712253932891,0.22874364001279776
0.0,0.5241280696004149,0.24745872311926603,0.22841320728031905
0.0,0.524273368649324,0.24829191743953294,0.22743471391114312
0.0,0.5244191610752371,0.24912511175979982,0.22645572716496307
0.0,0.5245654464819818,0.24995830608006672,0.2254762474379515
0.0,0.524712224578876,0.2507915004003336,0.2244962750207904
0.0,0.5248594951810375,0.2516246947206005,0.22351581009836202
0.0,0.5249124317681402,0.2519225389301395,0.22316502930172033
0.0,0.5250068588949197,0.25245788904086736,0.22253525206421293
0.0,0.5251544838308363,0.25329108336113426,0.22155443280802944
0.0,0.5253025915685632,0.25412427768140117,0.22057313075003565
0.0,0.5254511822263552,0.2549574720016681,0.2195913457719767
0.0,0.5256002560282365,0.2557906663219349,0.21860907764982862
0.0,0.525745626088407,0.25660045481613597,0.217653919095457
0.0,0.525749794932501,0.25662386064220183,0.2176263444252972
0.0,0.5258991736400445,0.25745705496246873,0.2166437713974868
0.0,0.5260490265137927,0.2582902492827356,0.2156607242034717
0.0,0.5261993540725808,0.2591234436030025,0.21467720232441673
0.0,0.5263501569418052,0.2599566379232694,0.2136932051349254
0.0,0.5265014358542072,0.26078983224353625,0.2127087319022566
0.0,0.526578820408674,0.26121396627878973,0.21220721331253628
0.0,0.5266528495040365,0.26162302656380315,0.2117241239321604
0.0,0.5268043763305149,0.26245622088407006,0.21073940278541503
0.0,0.5269563710715914,0.26328941520433696,0.2097542137240716
0.0,0.5271088347496532,0.2641226095246038,0.208768555725743
0.0,0.5272617684962843,0.2649558038448707,0.20778242765884503
0.0,0.5274120147289408,0.2657717809418842,0.20681620432917497
0.0,0.5274151584063649,0.2657889981651376,0.2067958434284975
0.0,0.5275682935672162,0.2666221924854045,0.20580951394737929
0.0,0.5277218912779854,0.2674553868056714,0.2048227219163432
0.0,0.5278759529567792,0.2682885811259383,0.20383546591728247
0.0,0.5280304801336253,0.26912177544620514,0.20284774442016956
0.0,0.5281854744517833,0.26995496976647204,0.20185955578174464
0.0,0.5282452090492077,0.2702743879664252,0.2014804029843671
0.0,0.5283404561066289,0.27078816408673895,0.2008713798066321
0.0,0.5284955976894056,0.27162135840700585,0.19988304390358858
0.0,0.5286511996310815,0.2724545527272727,0.19889424764164576
0.0,0.5288072638628962,0.2732877470475396,0.19790498908956417
0.0,0.5289637924332236,0.2741209413678065,0.19691526619896993
0.0,0.5290784033694746,0.2747285797622103,0.19619301686831503
0.0,0.5291205651580071,0.27495413568807336,0.19592529915391954
0.0,0.5292771962785872,0.27578733000834027,0.19493547371307257
0.0,0.5294342854748049,0.2766205243286072,0.19394519019658796
0.0,0.529591835085132,0.277453718648874,0.192954446265994
0.0,0.5297498475700765,0.27828691296914093,0.1919632394607826
0.0,0.5299083255141296,0.27912010728940784,0.19097156719646258
0.0,0.5299115976897415,0.2791371954862294,0.1909512068240291
0.0,0.530066414194059,0.27995330160967474,0.18998028419626628
0.0,0.5302249420613505,0.2807864959299416,0.1889885620087079
0.0,0.5303839297785271,0.2816196902502085,0.1879963799712644
0.0,0.5305433802287335,0.2824528845704754,0.1870037352007911
0.0,0.5307032964254125,0.28328607889074225,0.18601062468384527
0.0,0.5307447920100083,0.2835010188178853,0.18575418917210634
0.0,0.5308629981111463,0.28411927321100916,0.1850177286778445
0.0,0.5310229202196858,0.28495246753127607,0.18402461224903816
0.0,0.5311833029163177,0.28578566185154297,0.18303103523213937
0.0,0.5313441495210418,0.2866188561718098,0.18203699430714837
0.0,0.5315054634917036,0.2874520504920767,0.1810424860162197
0.0,0.5315779863302753,0.28782471471344234,0.18059729895628235
0.0,0.5316667127171673,0.28828524481234363,0.1800480424704891
0.0,0.5318279885508036,0.2891184391326105,0.17905357231658592
0.0,0.5319897270147758,0.2899516334528774,0.17805863953234685
0.0,0.5321519318841874,0.2907848277731443,0.1770632403426683
0.0,0.532314607080909,0.29161802209341114,0.1760673708256798
0.0,0.5324111806505422,0.2921103872236803,0.17547843212577752
0.0,0.5324773393167168,0.29245121641367805,0.17507144426960514
0.0,0.5326399320626716,0.29328441073394496,0.17407565720338347
0.0,0.5328029907983239,0.29411760505421186,0.1730794041474642
0.0,0.5329665197765645,0.2949507993744787,0.17208268084895678
0.0,0.5331305234075221,0.2957839936947456,0.1710854828977323
0.0,0.533244374970809,0.29635996281463245,0.17039566221455854
0.0,0.5332946745447238,0.2966171880150125,0.1700881374402637
0.0,0.5334585509119099,0.2974503823352794,0.16909106675281077
0.0,0.5336228979705901,0.2982835766555463,0.16809352537386357
0.0,0.5337877204790733,0.2991167709758132,0.1670955085451135
0.0,0.533953023365144,0.29994996529608003,0.1660970113387759
0.0,0.534077569291076,0.3005752142544351,0.1653472164544889
0.0,0.5341185291766158,0.30078315961634694,0.16509831120703722
0.0,0.5342836592421129,0.30161635393661385,0.1640999868212733
0.0,0.5344492660819407,0.30244954825688075,0.1631011856611786
0.0,0.534615354993049,0.3032827425771476,0.16210190242980338
0.0,0.5347819314561328,0.3041159368974145,0.16110213164645265
0.0,0.5349107636113428,0.30475778177958324,0.16033145460907394
0.0,0.5349487270264711,0.3049491312176814,0.16010214175584747
0.0,0.5351150841103248,0.30578232553794826,0.1591025903517269
0.0,0.535281925485688,0.30661551985821517,0.15810255465609685
0.0,0.5354492570277684,0.3074487141784821,0.15710202879374957
0.0,0.5356170848121458,0.3082819084987489,0.15610100668910531
0.0,0.5357439579316097,0.30890919205119494,0.1553468500171954
0.0,0.5357851039255254,0.30911510281901583,0.1550997932554588
0.0,0.5359526644947544,0.30994829713928274,0.15409903836596284
0.0,0.5361207183768478,0.31078149145954964,0.15309779016360253
0.0,0.536289272072282,0.3116146857798165,0.15209604214790146
0.0,0.5364583323012907,0.3124478801000834,0.1510937875986259
0.0,0.5365771522518766,0.3130308753424904,0.15039197240563296
0.0,0.5366275067749033,0.3132810744203503,0.15009141880474636
0.0,0.5367962503784324,0.31411426874061715,0.14908948088095048
0.0,0.5369654979090869,0.31494746306088406,0.14808703903002907
0.0,0.5371352565482592,0.31578065738115096,0.14708408607058981
0.0,0.537305533719738,0.3166138517014178,0.1460806145788442
0.0,0.5374103465721435,0.31712418134822684,0.14546547207962968
0.0,0.5374757926680134,0.3174470460216847,0.1450771613103019
0.0,0.5376457019052644,0.3182802403419516,0.14407405775278398
0.0,0.5378161273874537,0.31911343466221853,0.1430704379503278
0.0,0.5379870770427261,0.3199466289824854,0.14206629397478854
0.0,0.538158559068132,0.3207798233027523,0.14106161762911568
0.0,0.5382435408924103,0.32119039397312854,0.14056606513446113
0.0,0.5383298280797774,0.3216130176230192,0.14005715429720345
0.0,0.5385008886069015,0.32244621194328604,0.13905289944981247
0.0,0.5386724795367452,0.32327940626355295,0.1380481141997018
0.0,0.5388446096221787,0.32411260058381985,0.13704278979400142
0.0,0.5390172879161267,0.3249457949040867,0.1360369171797866
0.0,0.5390767352126773,0.3252307454383197,0.135692519349003
0.0,0.5391894881218725,0.3257789892243536,0.13503152265377388
0.0,0.5393616887011975,0.3266121835446205,0.134026127754182
0.0,0.5395344358481067,0.3274453778648874,0.1330201862870059
0.0,0.539707739232759,0.32827857218515427,0.13201368858208667
0.0,0.539881608862126,0.3291117665054212,0.13100662463245283
0.0,0.5399099295329441,0.32924643004261583,0.13084364042444002
0.0,0.5400546558655946,0.3299449608256881,0.13000038330871727
0.0,0.5402279884659221,0.33077815514595493,0.12899385638812294
0.0,0.5404018860099132,0.33161134946622184,0.12798676452386493
0.0,0.5405763591952867,0.33244454378648874,0.12697909701822457
0.0,0.5407431238532111,0.3332380500367751,0.1260188261100138
0.0,0.5407513361175283,0.3332777381067556,0.12597092577571606
0.0,0.5409252217370282,0.3341109324270225,0.12496384583594933
0.0,0.5410996816951318,0.3349441267472894,0.12395619155757881
0.0,0.5412747274334953,0.3357773210675563,0.12294795149894844
0.0,0.5414503708093638,0.33661051538782316,0.12193911380281308
0.0,0.541576318173478,0.33720493258871814,0.1212187492378039
0.0,0.5416260934174473,0.33744370970809007,0.12093019687446266
0.0,0.5418010829932484,0.338276904028357,0.11992201297839467
0.0,0.5419766692505672,0.3391100983486238,0.11891323240080898
0.0,0.5421528648903252,0.33994329266889073,0.11790384244078406
0.0,0.5423296830881077,0.34077648698915763,0.11689382992273467
0.0,0.5424095124937448,0.3411500890112331,0.11644039849502208
0.0,0.5425060498448518,0.3416096813094245,0.11588426884572367
0.0,0.5426821432937331,0.3424428756296914,0.11487498107657551
0.0,0.5428588587272114,0.3432760699499583,0.1138650713228303
0.0,0.5430362102856173,0.3441092642702252,0.11285452544415747
0.0,0.5432142126552565,0.34494245859049205,0.11184332875425146
0.0,0.5432427068140118,0.34507465237326473,0.1116826408127235
0.0,0.5433911111872817,0.34577565291075896,0.11083323590195937
0.0,0.5435683123887328,0.34660884723102586,0.10982284038024132
0.0,0.5437461642616184,0.3474420415512927,0.10881179418708892
0.0,0.543924682605022,0.3482752358715596,0.10780008152341836
0.0,0.5440759011342786,0.34897762405725335,0.10694647480846803
0.0,0.5441035376012833,0.3491084301918265,0.1067880322068902
0.0,0.5442811886566404,0.3499416245120934,0.10577718683126619
0.0,0.5444595059570848,0.3507748188323603,0.10476567521055491
0.0,0.5446385065251326,0.3516080131526272,0.10375348032224024
0.0,0.5448182080879296,0.3524412074728941,0.10274058443917633
0.0,0.5449090954545455,0.35285954573123124,0.1022313588142233
0.0,0.5449974531276467,0.35327440179316094,0.10172814507919237
0.0,0.5451761987496629,0.35410759611342785,0.10071620513690921
0.0,0.5453556456415255,0.35494079043369475,0.09970356392477975
0.0,0.545535812963811,0.3557739847539616,0.09869020228222736
0.0,0.5457167207055273,0.3566071790742285,0.09767610022024414
0.0,0.5457422897748124,0.35672374835149423,0.09753396187369334
0.0,0.5458962085890996,0.3574403733944954,0.09666341801640499
0.0,0.5460760633188365,0.3582735677147623,0.09565036896640117
0.0,0.5462566593525706,0.35910676203502917,0.09463657861240021
0.0,0.5464380183761163,0.3599399563552961,0.09362202526858765
0.0,0.5465754840950793,0.3605676526118326,0.09285686329308812
0.0,0.5466195042415839,0.360773150675563,0.09260734508285312
0.0,0.5467997252284055,0.36160634499582983,0.0915939297757647
0.0,0.5469807099350357,0.36243953931609674,0.0905797507488676
0.0,0.5471624819467859,0.36327273363636364,0.08956478441685051
0.0,0.5473450659638074,0.3641059279566305,0.08854900607956212
0.0,0.5474086784153461,0.364393450566522,0.08819787101813187
0.0,0.547526599641485,0.3649391222768974,0.08753427808161762
0.0,0.547707929396084,0.3657723165971643,0.08651975400675166
0.0,0.5478900726643559,0.3666055109174312,0.08550441641821294
0.0,0.5480730564388763,0.36743870523769806,0.08448823832342567
0.0,0.5482418727356131,0.36820325561476924,0.08355487164961767
0.0,0.5482566578918141,0.36827189955796497,0.08347144255022093
0.0,0.5484382847652328,0.36910509387823187,0.08245662135653531
0.0,0.5486207534188944,0.3699382881984987,0.0814409583826069
0.0,0.5488040934464046,0.3707714825187656,0.0804244240348298
0.0,0.5489883359916342,0.37160467683903253,0.07940698716933325
0.0,0.5490750670558799,0.371993165443237,0.07893176750088304
0.0,0.549171745954654,0.3724378711592994,0.0783903828860466
0.0,0.549354489125279,0.3732710654795663,0.07737444539515476
0.0,0.5495381371435909,0.3741042597998332,0.0763576030565759
0.0,0.5497227243656143,0.3749374541201001,0.07533982151428559
0.0,0.5499082613761468,0.37577053206491284,0.07432120655894037
0.0,0.5499082865731731,0.37577064844036695,0.0743210649864599
0.0,0.5500912473327743,0.37660384276063386,0.07330490990659189
0.0,0.5502751492894558,0.37743703708090076,0.07228781362964348
0.0,0.5504600305035975,0.3782702314011676,0.0712697380952349
0.0,0.5506459312797889,0.3791034257214345,0.07025064299877659
0.0,0.5507414556964138,0.3795271532385801,0.06973139106500614
0.0,0.5508309991603091,0.3799366200417014,0.06923238079798949
0.0,0.5510150939106752,0.3807698143619683,0.06821509172735657
0.0,0.551200211745084,0.3816030086822352,0.06719677957268078
0.0,0.5513863976742768,0.3824362030025021,0.06617739932322114
0.0,0.5515736995647775,0.383269397322769,0.06515690311245348
0.0,0.5515746500166806,0.3832735569500758,0.06515179303324359
0.0,0.5517579383457935,0.38410259164303584,0.06413947001117071
0.0,0.5519432271331198,0.38493578596330275,0.06312098690357743
0.0,0.5521296376167155,0.38576898028356965,0.06210138209971483
0.0,0.5523172237649595,0.3866021746038365,0.06108060163120399
0.0,0.5524078443369475,0.3869998020597593,0.060592353603293236
0.0,0.5525036548536567,0.3874353689241034,0.06006097622223988
0.0,0.552689038525753,0.3882685632443703,0.05904239822987667
0.0,0.5528756032939481,0.38910175756463716,0.0580226391414147
0.0,0.553063410423374,0.38993495188490407,0.057001637691721896
0.0,0.5532410386572144,0.3907169831463235,0.05604197819646206
0.0,0.5532522230813746,0.390768146205171,0.055979630713454465
0.0,0.5534376123623188,0.3916013405254379,0.05496104711224331
0.0,0.5536242487907285,0.39243453484570473,0.0539412163635668
0.0,0.5538122024525839,0.39326772916597164,0.052920068381444474
0.0,0.5540015490012865,0.39410092348623854,0.05189752751247495
0.0,0.5540742329774813,0.3944158117086889,0.05150995531382985
0.0,0.5541889224616529,0.3949341178065054,0.05087695973184175
0.0,0.5543755318856621,0.3957673121267723,0.04985715598756557
0.0,0.5545635430255502,0.3966005064470392,0.048835950527410577
0.0,0.5547530437312326,0.39743370076730605,0.04781325550146137
0.0,0.5549074272977481,0.3981050818692598,0.046987490832992085
0.0,0.5549429544944483,0.39826689508757296,0.04679015041797874
0.0,0.5551294170225892,0.39910008940783986,0.045770493569570914
0.0,0.5553173770932739,0.39993328372810677,0.04474933917861934
0.0,0.5555069378532644,0.4007664780483736,0.04372658409836194
0.0,0.5556982123934439,0.4015996723686405,0.04270211523791562
0.0,0.5557406216180151,0.4017804909948684,0.042478887387116526
0.0,0.5558858802786646,0.40243286668890743,0.04168125303242798
0.0,0.5560736540728868,0.4032660610091743,0.04066028491793894
0.0,0.5562631573187867,0.4040992553294412,0.039637587351772086
0.0,0.556454525761718,0.4049324496497081,0.03861302458857385
0.0,0.5565738159382819,0.40544309672657397,0.037983087335144106
0.0,0.5566449178682136,0.40576564396997494,0.037589438161811484
0.0,0.556832332640172,0.40659883829024185,0.036568829069586195
0.0,0.5570216273218229,0.40743203261050875,0.035546340067668325
0.0,0.5572129676582124,0.40826522693077566,0.03452180541101196
0.0,0.5574065397429668,0.4090984212510425,0.03349503900599066
0.0,0.5574070102585489,0.40910038355699574,0.033492606184455376
0.0,0.5575933895056077,0.4099316155713094,0.03247499492308292
0.0,0.5577822749151762,0.4107648098915763,0.0314529151932475
0.0,0.5579734240379544,0.41159800421184317,0.03042857175020247
0.0,0.558167072340804,0.4124311985321101,0.02940172912708594
0.0,0.5582402045788157,0.412737201519849,0.02902259390133527
0.0,0.5583568362278007,0.413264392852377,0.02837877091982227
0.0,0.5585450344279514,0.41409758717264383,0.02735737839940472
0.0,0.5587357637715427,0.41493078149291074,0.026333454735546602
0.0,0.5589293311681649,0.41576397581317764,0.025306693018657456
0.0,0.5590733988990826,0.41636987295095373,0.02455672814996368
0.0,0.5591227536005134,0.41659717013344455,0.024280076266042006
0.0,0.5593098591750387,0.4174303644537114,0.023259776371249874
0.0,0.559499828548564,0.4182635587739783,0.022236612677457746
0.0,0.5596930772668616,0.4190967530942452,0.021210169638893217
0.0,0.5598901054643081,0.41992994741451206,0.020179947121179875
0.0,0.5599065932193495,0.41999623995729124,0.020097166823359214
0.0,0.5600767489345057,0.42076314173477897,0.01916010933071538
0.0,0.5602654098339748,0.4215963360550459,0.018138254110979357
0.0,0.5604579429396734,0.4224295303753127,0.01711252668501384
0.0,0.560655090941183,0.42326272469557963,0.01608218436323733
0.0,0.5607397875396164,0.42360302808252454,0.015657184377859068
0.0,0.5608458233418248,0.42409591901584653,0.01505825764232871
0.0,0.5610321864178104,0.42492911333611344,0.014038700246076175
0.0,0.5612232406985874,0.4257623076563803,0.013014451645032288
0.0,0.5614201960248723,0.4265955019766472,0.011984301998480551
0.0,0.5615729818598832,0.4272096574001815,0.011217360739935234
0.0,0.5616175617694424,0.4274286962969141,0.010953741933643457
0.0,0.5617995085451607,0.42826189061718095,0.009938600837658351
0.0,0.5619872451283193,0.42909508493744786,0.00891766993423282
0.0,0.5621830454984627,0.42992827925771476,0.007888675243822585
0.0,0.5623905471621162,0.43076147357798167,0.006847979259902104
0.0,0.5624061761801502,0.43081493070453897,0.0067788931153108245
0.0,0.5625652711806807,0.4315946678982485,0.005840060921070811
0.0,0.5627427876129653,0.4324278622185154,0.00482935016851932
0.0,0.5629315166557134,0.43326105653878233,0.003807426805504277
0.0,0.5631440942738452,0.4340942508590492,0.0027616548671056673
0.0,0.5632393705004171,0.434346138365385,0.002414491134197949
0.0,0.5633086064144402,0.4349274451793161,0.001763948406243665
