residual,phi1_L8Bo,phi3_Donor,phi2_o-Xylene
2.31210719573296e-24,0.485989894166747,0.504835733452929,0.00917437238032455
2.31210719573296e-24,0.988776409119477,1e-05,0.011213590880523
2.12652233607377e-23,0.480811053518846,0.499033321725499,0.0201556247556541
2.12652233607377e-23,0.975384256882156,1.07363035941753e-05,0.0246050068142502
5.0847632019734e-29,0.475855309774389,0.493395298264878,0.0307493919607326
5.0847632019734e-29,0.962497063923768,1.15268214866301e-05,0.0374914092547454
5.10417657581283e-29,0.471105914565788,0.487907803971133,0.0409862814630789
5.10417657581283e-29,0.950075103423277,1.23755454956324e-05,0.0499125210312275
2.46519032881566e-31,0.466547058909075,0.482558349503627,0.0508945915872973
2.46519032881566e-31,0.938081821862152,1.32867613584638e-05,0.0619048913764897
4.94824207089924e-25,0.462164050840725,0.47733571319536,0.0605002359639147
4.94824207089924e-25,0.926483870752597,1.42650703727824e-05,0.0735018641770301
1.10343509165551e-25,0.457943369896428,0.472229822188713,0.0698268079148598
1.10343509165551e-25,0.915250978412774,1.53154126314467e-05,0.0847337061745945
2.38836143962296e-26,0.453872649689523,0.467231631502325,0.0788957188081512
2.38836143962296e-26,0.904355740586991,1.64430919681279e-05,0.0956278163210413
7.57726783963234e-27,0.449940620812469,0.462333008824078,0.0877263703634531
7.57726783963234e-27,0.893773377131688,1.76538027396766e-05,0.106208969065572
2.65423344918089e-27,0.446137033959747,0.457526628694397,0.0963363373458562
2.65423344918089e-27,0.883481482114753,1.89536585804851e-05,0.116499564226666
7.10467852764674e-28,0.442452575328235,0.452805877431375,0.10474154724039
7.10467852764674e-28,0.873459782513935,2.03492232740434e-05,0.126519868262791
4.54433185213879e-28,0.43887878138933,0.448164768851527,0.112956449759143
4.54433185213879e-28,0.863689913278705,2.18475438975787e-05,0.136288239177398
1.34599391953335e-29,0.435407957028237,0.443597870176843,0.12099417279492
1.34599391953335e-29,0.854155212116139,2.34561864071477e-05,0.145821331697454
5.05364017407211e-29,0.432033099130916,0.439100237216074,0.12886666365301
5.05364017407211e-29,0.844840534810113,2.51832738428705e-05,0.155134281916044
3.94430452610506e-31,0.428747826533905,0.434667357809586,0.13658481565651
3.94430452610506e-31,0.83573209046612,2.70375273472311e-05,0.164240872006533
5.068431316045e-29,0.425546316559107,0.430295102536771,0.144158580904122
5.068431316045e-29,0.826817295340151,2.9028310203569e-05,0.173153676349645
1.28682935164178e-29,0.4224232479591,0.425979681753918,0.151597070286982
1.28682935164178e-29,0.818084643589395,3.11656751171413e-05,0.181884190735488
2.46519032881566e-31,0.4193737498844,0.421717608119724,0.158908641995877
2.46519032881566e-31,0.809523593192956,3.34604149775063e-05,0.190442946392067
3.20474742746036e-30,0.416393356383597,0.417505663865208,0.166100979751195
3.20474742746036e-30,0.801124465338822,3.59241173585597e-05,0.19883961054382
1.27203820966888e-29,0.413477965913017,0.413340872158015,0.173181161928968
1.27203820966888e-29,0.792878355684473,3.8569223031428e-05,0.207083075092496
2.6131017485446e-30,0.410623805338831,0.409220471999862,0.180155722661306
2.6131017485446e-30,0.784777056045199,4.14090887856868e-05,0.215181534866016
9.86076131526265e-31,0.407827397941651,0.40514189617383,0.187030705884519
9.86076131526265e-31,0.776812985216909,4.44580548761293e-05,0.223142556728215
7.88860905221012e-31,0.405085534971962,0.401102751827179,0.193811713200859
7.88860905221012e-31,0.768979127790616,4.77315174356629e-05,0.230973140691948
1.62702561701834e-30,0.402395250347259,0.397100803334449,0.200503946318293
1.62702561701834e-30,0.761268979955329,5.12460062199949e-05,0.238679774038451
3.94430452610506e-31,0.399753798124517,0.393133957137629,0.207112244737853
3.94430452610506e-31,0.75367650141418,5.50192680766859e-05,0.246268479317743
2.46519032881566e-31,0.397158632422578,0.389200248303015,0.213641119274407
2.46519032881566e-31,0.746196072650935,5.90703565600616e-05,0.253744856992505
9.86076131526265e-31,0.394607389507067,0.385297828572434,0.220094781920499
9.86076131526265e-31,0.738822456885009,6.34197281445006e-05,0.261114123386846
2.02145606962884e-30,0.392097871784824,0.381424955718008,0.226477172497168
2.02145606962884e-30,0.731550766139982,6.8089345521942e-05,0.268381144514496
1.57772181044202e-30,0.389628033485851,0.377579984036404,0.232791982477745
1.57772181044202e-30,0.724376430926605,7.3102788505227e-05,0.27555046628489
0,0.387195967838055,0.373761355842066,0.239042676319879
0,0.717295173107565,7.84853730972904e-05,0.282626341519337
9.86076131526265e-31,0.384799895564253,0.369967593837306,0.245232510598441
9.86076131526265e-31,0.710302981566981,8.42642793274627e-05,0.289612754153691
1.42981039071308e-30,0.38243815455226,0.366197294255412,0.251364551192329
1.42981039071308e-30,0.703396090358681,9.04686885004028e-05,0.296513440952818
3.57788060778216e-25,0.380109190567406,0.36244912068738,0.257441688745214
3.57788060778216e-25,0.696570959049912,9.71299305507199e-05,0.303331911019537
5.71924156285234e-30,0.377811548891646,0.358721798501185,0.263466652607169
5.71924156285234e-30,0.689824254997545,0.000104281642247369,0.310071463360207
3.3526588471893e-30,0.375543866792906,0.355014109823792,0.269442023383302
3.3526588471893e-30,0.683152837385248,0.000111959937046693,0.316735202677706
1.28189897098414e-29,0.37330486672997,0.351324888963132,0.275370244306897
1.28189897098414e-29,0.676553742757749,0.000120203587451805,0.3233260536548
2.027372526418e-28,0.371093350222244,0.34765301828175,0.281253631496006
2.027372526418e-28,0.670024171960795,0.000129054220799157,0.329846773818405
5.12759588393658e-30,0.368908192312539,0.343997424439099,0.287094383248362
5.12759588393658e-30,0.663561478297005,0.000138556529460948,0.336299965173534
7.29696337329436e-30,0.366748336564612,0.340357074976697,0.292894588458691
7.29696337329436e-30,0.657163156785945,0.000148758496524804,0.34268808471753
9.86076131526265e-31,0.36461279054258,0.336730975207875,0.298656234249545
9.86076131526265e-31,0.650826834411939,0.000159711638090336,0.34901345394997
1.59744333307255e-29,0.362500621726229,0.333118165384602,0.304381212889169
1.59744333307255e-29,0.644550261263851,0.000171471263406089,0.355278267472742
2.40602576092409e-29,0.360410953821338,0.329517718112719,0.310071328065943
2.40602576092409e-29,0.638331302477381,0.000184096754160458,0.361484600768459
1.12925438582388e-27,0.35834296342926,0.32592873599403,0.31572830057671
1.12925438582388e-27,0.632167930904853,0.000197651864336893,0.36763441723081
1.35881290924319e-28,0.35629587704416,0.322350349473062,0.321353773482777
1.35881290924319e-28,0.626058220442781,0.000212205042147563,0.373729574515071
1.77493703674728e-30,0.354268968350078,0.318781714873905,0.326949316776017
1.77493703674728e-30,0.620000339960456,0.000227829775671099,0.379771830263873
3.94430452610506e-31,0.352261555793357,0.315222012606851,0.332516431599792
3.94430452610506e-31,0.613992547771845,0.000244604963939777,0.385762847264215
2.73340303659081e-28,0.350273000408842,0.311670445534552,0.338056554056605
2.73340303659081e-28,0.608033186607098,0.000262615315349975,0.391704198077552
3.4877512772084e-27,0.348302703881176,0.308126237486267,0.343571058632557
3.4877512772084e-27,0.602120679042766,0.000281951775407741,0.397597369181826
1.97215226305253e-30,0.346350106824217,0.304588631902662,0.349061261273121
1.97215226305253e-30,0.596253523346262,0.000302711985969423,0.403443764667769
4.73316543132607e-30,0.34441468726484,0.301056890616762,0.354528422118398
4.73316543132607e-30,0.590430289717084,0.000325000778296346,0.409244709504619
3.3526588471893e-30,0.342495959317766,0.297530292743462,0.359973747938772
3.3526588471893e-30,0.584649616875376,0.000348930702413282,0.415001452422211
2.36658271566304e-30,0.340593472041296,0.294008133687804,0.365398394270899
2.36658271566304e-30,0.578910208989576,0.000374622595443783,0.42071516841498
8.69719148006166e-28,0.338706808464367,0.290489724257536,0.370803467278097
8.69719148006166e-28,0.573210832911439,0.000402206191792236,0.426386960896768
1.47189612000662e-26,0.336835584777062,0.286974389875908,0.37619002534703
1.47189612000662e-26,0.567550315699069,0.000431820778253854,0.432017863522677
3.7167181549488e-27,0.334979449678405,0.283461469891677,0.381559080429918
3.7167181549488e-27,0.561927542411609,0.000463615897360642,0.43760884169103
2.96020054684185e-28,0.333138083875476,0.279950316986364,0.38691159913816
2.96020054684185e-28,0.556341454162293,0.000497752102514985,0.443160793735192
9.86076131526265e-31,0.331311199730596,0.276440296669534,0.39224850359987
9.86076131526265e-31,0.550791046410909,0.000534401768723995,0.448674551820367
9.86076131526265e-31,0.329498541052601,0.27293078685974,0.397570672087659
9.86076131526265e-31,0.545275367482324,0.000573749963028505,0.454150882554648
9.86076131526265e-31,0.327699883030642,0.269421177561601,0.402878939407757
9.86076131526265e-31,0.539793517312414,0.000615995379022088,0.459590487308564
6.50810246807335e-30,0.325915032309197,0.265910870623867,0.408174097066936
6.50810246807335e-30,0.53434464639861,0.00066135134017902,0.464994002261211
3.3526588471893e-30,0.324143827204136,0.262399279586343,0.413456893209521
3.3526588471893e-30,0.528927954955093,0.000710046877057667,0.47036199816785
1.02551917678732e-29,0.322386138060484,0.258885829613364,0.418728032326152
1.02551917678732e-29,0.523542692263645,0.000762327883818716,0.475694979852536
7.43501403170804e-29,0.320641867753628,0.255369957516278,0.423988174730094
7.43501403170804e-29,0.518188156216496,0.000818458359898292,0.480993385423605
1.94454213136979e-28,0.318910952336292,0.251851111863986,0.429237935799722
1.94454213136979e-28,0.512863693044567,0.000878721743105884,0.486257585212327
5.14534525430405e-28,0.317193361834789,0.248328753186221,0.43447788497899
5.14534525430405e-28,0.507568697230555,0.000943422340878767,0.491487880428567
1.43967115202835e-29,0.315489101198804,0.244802354268612,0.439708544532584
1.43967115202835e-29,0.502302611601419,0.0010128868669202,0.496684501531661
1.77493703674728e-30,0.313798211409906,0.24127140054667,0.444930388043423
1.77493703674728e-30,0.497064927602598,0.00108746609098083,0.501847606306421
2.30741814777146e-29,0.312120770754987,0.237735390596358,0.450143838648655
2.30741814777146e-29,0.491855185748185,0.00116753661011412,0.506977277641701
3.3526588471893e-30,0.310456896271859,0.234193836730175,0.455349266997966
3.3526588471893e-30,0.486672976251771,0.00125350275034994,0.512073520997879
2.36658271566304e-30,0.308806745374999,0.230646265701265,0.460546988923736
2.36658271566304e-30,0.48151793983687,0.00134579860838907,0.517136261554741
2.22853205724936e-29,0.307170517671076,0.22709221951834,0.465737262810584
2.22853205724936e-29,0.476389768727035,0.00144489024362837,0.522165341029337
2.61901820533376e-28,0.305548456974423,0.223531256379674,0.470920286645902
2.61901820533376e-28,0.471288207820093,0.00155127803158561,0.527160514148322
3.79639310637612e-30,0.30394085353439,0.219962951730649,0.476096194734962
3.79639310637612e-30,0.466213056048404,0.00166549919060777,0.532121444760988
3.94430452610506e-30,0.302348046487513,0.216386899449754,0.481265054062733
3.94430452610506e-30,0.461164167927287,0.00178813049462182,0.537047701578091
4.58525401159713e-30,0.300770426549052,0.212802713172893,0.486426860278055
4.58525401159713e-30,0.4561414552984,0.00191979118562627,0.541938753515974
1.46728128371108e-28,0.299208438959923,0.209210027761168,0.491581533278908
1.46728128371108e-28,0.451144889270892,0.00206114610063053,0.546793964628477
7.93791285878643e-30,0.297662586706889,0.205608500918692,0.496728912374419
7.93791285878643e-30,0.446174502364698,0.002212909028832,0.55161258860647
5.5713301431234e-30,0.296133434035329,0.201997814975024,0.501868750989647
5.5713301431234e-30,0.441230390866897,0.00237584631598319,0.556393762817119
3.94430452610506e-30,0.294621610276702,0.19837767883146,0.507000710891839
3.94430452610506e-30,0.436312717400067,0.00255078073414985,0.561136501865783
9.66354608895739e-30,0.293127814014085,0.194747830090262,0.512124355895653
9.66354608895739e-30,0.431421713717507,0.00273859563640061,0.565839690646093
3.3526588471893e-30,0.291652817612354,0.191108037371504,0.517239145016141
3.3526588471893e-30,0.426557683728994,0.00294023941740806,0.570502076853598
3.20474742746036e-30,0.290197472141987,0.18745810282995,0.522344425028064
3.20474742746036e-30,0.421721006767296,0.0031567303024854,0.575122262930219
3.3526588471893e-30,0.28876271272843,0.183797864883014,0.527439422388556
3.3526588471893e-30,0.416912141104647,0.0033891614892416,0.579698697406112
7.54348240617593e-30,0.287349564362314,0.180127201161971,0.532523234475714
7.54348240617593e-30,0.412131627729765,0.00363870666781851,0.584229665602417
2.46519032881566e-31,0.285959148209467,0.176446031699732,0.537594820090801
2.46519032881566e-31,0.407380094397291,0.00390662594758494,0.588713279655125
1.97215226305253e-30,0.284592688463934,0.172754322365169,0.542652989170897
1.97215226305253e-30,0.402658259959532,0.00419427222021546,0.593147467820252
9.86076131526265e-31,0.283251519791192,0.169052088562583,0.547696391646225
9.86076131526265e-31,0.397966938997278,0.00450309799128488,0.597529963011437
1.30753695040383e-27,0.281937095414428,0.165339399207034,0.552723505378539
1.30753695040383e-27,0.393307046761512,0.00483466271487554,0.601858290523613
7.88860905221012e-31,0.280650995902674,0.161616380986391,0.557732623110936
7.88860905221012e-31,0.388679604439263,0.00519064066823435,0.606129754892503
9.86076131526265e-31,0.279394938723399,0.157883222941158,0.562721838335443
9.86076131526265e-31,0.384085744770725,0.00557282940624368,0.610341425823031
1.10440526730942e-29,0.278170788634548,0.154140181350127,0.567689030015325
1.10440526730942e-29,0.379526718018553,0.00598315883839798,0.614490123143049
1.42981039071308e-30,0.276980568992015,0.150387584966702,0.572631846041283
1.42981039071308e-30,0.375003898328072,0.00642370097412138,0.618572400697807
2.02145606962884e-30,0.275826474063861,0.146625840598396,0.577547685337743
2.02145606962884e-30,0.370518790485581,0.00689668038563667,0.622584529128782
1.77493703674728e-30,0.274710882447808,0.142855439060774,0.582433678491418
1.77493703674728e-30,0.366073037108667,0.00740448544121892,0.626522477450114
1.1487786932281e-29,0.273636371703065,0.13907696151008,0.587286666786855
1.1487786932281e-29,0.361668426287944,0.00794968036555772,0.630381893346499
1.03537993810258e-30,0.27260573431819,0.135291086175644,0.592103179506167
1.03537993810258e-30,0.357306899713337,0.0085350181881282,0.634158082098535
4.14151975241031e-30,0.271621995151993,0.131498595502349,0.596879409345659
4.14151975241031e-30,0.352990561314661,0.00916345464495523,0.637845984040384
1.18329135783152e-30,0.270688430500138,0.127700383717429,0.601611185782434
1.18329135783152e-30,0.348721686453063,0.00983816310396951,0.641440150442967
1.32627239690283e-29,0.269808588958809,0.123897464830063,0.606293946211128
1.32627239690283e-29,0.344502731701395,0.010562550589323,0.644934717709282
1.31008102682316e-26,0.268986314277602,0.120090981068959,0.610922704653439
1.31008102682316e-26,0.340336345255597,0.0113402749855807,0.648323379758822
6.7053176943786e-30,0.26822577041338,0.116282211784176,0.615492017802443
6.7053176943786e-30,0.336225378037472,0.0121752635086626,0.651599358453866
2.36658271566304e-30,0.267531469035863,0.112472582753343,0.619995948210794
2.36658271566304e-30,0.332172895509753,0.0130717325368086,0.654755371953438
1.06619481721277e-29,0.266908299742142,0.108663675983267,0.62442802427459
1.06619481721277e-29,0.328182190317192,0.0140342089017036,0.657783600781104
8.38164711797325e-31,0.266361563299635,0.104857239902943,0.628781196797422
8.38164711797325e-31,0.324256795770252,0.0150675527472767,0.660675651482471
8.0118685686509e-31,0.265897008253515,0.10105519998405,0.633047791762435
8.0118685686509e-31,0.320400500278639,0.0161769820716013,0.66342251764976
6.36019104834441e-30,0.265520871290701,0.0972596697378878,0.637219458971411
6.36019104834441e-30,0.316617362809326,0.0173680990758242,0.666014538114849
8.0118685686509e-31,0.265239921798067,0.0934729620518204,0.641287116150112
8.0118685686509e-31,0.312911729468662,0.0186469184531764,0.668441352078162
5.53435228819116e-30,0.265061511109099,0.0896976008151429,0.645240888075758
5.53435228819116e-30,0.309288251321124,0.0200198977609131,0.670691850917962
1.39283253578085e-30,0.26499362700425,0.0859363327411978,0.649070040254552
1.39283253578085e-30,0.305751903561058,0.0214939700285513,0.672754126410391
1.49144014893348e-30,0.265044954094334,0.0821921393121995,0.652762906593466
1.49144014893348e-30,0.302308006187378,0.0230765787670631,0.674615415045559
1.88587060154398e-30,0.265224940814751,0.0784682486952548,0.656306810489994
1.88587060154398e-30,0.298962246329538,0.0247757155558089,0.676262038114653
8.99794470017717e-31,0.265543873839694,0.074768147501571,0.659687978658735
8.99794470017717e-31,0.295720702414752,0.0265999603970096,0.677679337188238
8.0118685686509e-31,0.266012960852915,0.0710955921671437,0.662891446979941
8.0118685686509e-31,0.292589870370817,0.0285585250415334,0.67885160458765
1.39283253578085e-30,0.26664442272377,0.0674546197355071,0.665900957540723
1.39283253578085e-30,0.28957669210219,0.030661299504776,0.679762008393034
5.92878274080167e-30,0.267451596302193,0.0638495577127376,0.668698845985069
5.92878274080167e-30,0.286688586491346,0.0329189020075211,0.680392511501133
2.87194673307025e-30,0.268449049174026,0.0602850327005811,0.671265918125393
2.87194673307025e-30,0.283933483236312,0.0353427325939653,0.680723784169722
2.01492935497379e-25,0.269652708141762,0.056765976914158,0.67358131494408
2.01492935497379e-25,0.281319859780202,0.0379450306976566,0.680735109522141
3.27949199823005e-27,0.271080002602556,0.0532976335132526,0.675622363884191
3.27949199823005e-27,0.278856782011493,0.0407389369460342,0.680404281042472
1.2889713505881e-23,0.272750046577625,0.0498855213793651,0.67736443204301
1.2889713505881e-23,0.276553946906598,0.0437385595156587,0.679707493577744
